Country,State,City/Station,WMO,Source Data,Latitude (N+/S-),Longitude (E+/W-),Time Zone (GMT +/-),Elevation (m),URL
CHE,AG,Beznau,66460,SRC-TMYx,47.5572,8.2333,1,327.3,https://climate.onebuilding.org/WMO_Region_6_Europe/CHE_Switzerland/AG_Aargau/CHE_AG_Beznau.066460_TMYx.2009-2023.zip
CHE,AG,Leibstadt,66660,SRC-TMYx,47.5972,8.1883,1,342.3,https://climate.onebuilding.org/WMO_Region_6_Europe/CHE_Switzerland/AG_Aargau/CHE_AG_Leibstadt.066660_TMYx.2009-2023.zip
CHE,AG,Mohlin,66410,SRC-TMYx,47.5722,7.8778,1,345.3,https://climate.onebuilding.org/WMO_Region_6_Europe/CHE_Switzerland/AG_Aargau/CHE_AG_Mohlin.066410_TMYx.2009-2023.zip
CHE,AG,Wuerenlingen,66470,SRC-TMYx,47.5383,8.2294,1,337,https://climate.onebuilding.org/WMO_Region_6_Europe/CHE_Switzerland/AG_Aargau/CHE_AG_Wuerenlingen.066470_TMYx.2009-2023.zip
CHE,AI,Santis,66800,SRC-TMYx,47.2494,9.3436,1,2494.2,https://climate.onebuilding.org/WMO_Region_6_Europe/CHE_Switzerland/AI_Appenzell_Inner_Rhodes/CHE_AI_Santis.066800_TMYx.2009-2023.zip
CHE,BE,Bern.Belp.AP,66300,SRC-TMYx,46.9061,7.5053,1,510,https://climate.onebuilding.org/WMO_Region_6_Europe/CHE_Switzerland/BE_Bern/CHE_BE_Bern.Belp.AP.066300_TMYx.2009-2023.zip
CHE,BE,Bern.Zollikofen,66310,SRC-TMYx,46.9908,7.4639,1,554.6,https://climate.onebuilding.org/WMO_Region_6_Europe/CHE_Switzerland/BE_Bern/CHE_BE_Bern.Zollikofen.066310_TMYx.2009-2023.zip
CHE,BE,Boltigen,67330,SRC-TMYx,46.6236,7.3842,1,820.8,https://climate.onebuilding.org/WMO_Region_6_Europe/CHE_Switzerland/BE_Bern/CHE_BE_Boltigen.067330_TMYx.2009-2023.zip
CHE,BE,Brienz,66560,ERA5-TMYx,46.7408,8.0608,1,580,https://climate.onebuilding.org/WMO_Region_6_Europe/CHE_Switzerland/BE_Bern/CHE_BE_Brienz.066560_TMYx.2009-2023.zip
CHE,BE,Chasseral,66050,SRC-TMYx,47.1317,7.0545,1,1595.2,https://climate.onebuilding.org/WMO_Region_6_Europe/CHE_Switzerland/BE_Bern/CHE_BE_Chasseral.066050_TMYx.2009-2023.zip
CHE,BE,Eggishorn,67390,SRC-TMYx,46.4267,8.0928,1,2893,https://climate.onebuilding.org/WMO_Region_6_Europe/CHE_Switzerland/BE_Bern/CHE_BE_Eggishorn.067390_TMYx.2009-2023.zip
CHE,BE,Interlaken.AP,67340,SRC-TMYx,46.6722,7.8703,1,578.6,https://climate.onebuilding.org/WMO_Region_6_Europe/CHE_Switzerland/BE_Bern/CHE_BE_Interlaken.AP.067340_TMYx.2009-2023.zip
CHE,BE,Jungfraujoch,67300,SRC-TMYx,46.5475,7.9853,1,3576.4,https://climate.onebuilding.org/WMO_Region_6_Europe/CHE_Switzerland/BE_Bern/CHE_BE_Jungfraujoch.067300_TMYx.2009-2023.zip
CHE,BE,Koppigen,66350,SRC-TMYx,47.1189,7.6056,1,485.5,https://climate.onebuilding.org/WMO_Region_6_Europe/CHE_Switzerland/BE_Bern/CHE_BE_Koppigen.066350_TMYx.2009-2023.zip
CHE,BE,Langnau.im.Emmental,66380,SRC-TMYx,46.9397,7.8064,1,746.7,https://climate.onebuilding.org/WMO_Region_6_Europe/CHE_Switzerland/BE_Bern/CHE_BE_Langnau.im.Emmental.066380_TMYx.2009-2023.zip
CHE,BE,Meiringen,66370,SRC-TMYx,46.7322,8.1692,1,590.6,https://climate.onebuilding.org/WMO_Region_6_Europe/CHE_Switzerland/BE_Bern/CHE_BE_Meiringen.066370_TMYx.2009-2023.zip
CHE,BE,Meiringen.AP,66140,SRC-TMYx,46.743,8.11,1,579.1,https://climate.onebuilding.org/WMO_Region_6_Europe/CHE_Switzerland/BE_Bern/CHE_BE_Meiringen.AP.066140_TMYx.2009-2023.zip
CHE,BE,Muhleberg,66360,SRC-TMYx,46.9733,7.2781,1,481.5,https://climate.onebuilding.org/WMO_Region_6_Europe/CHE_Switzerland/BE_Bern/CHE_BE_Muhleberg.066360_TMYx.2009-2023.zip
CHE,BE,Napf,66390,SRC-TMYx,47.0047,7.94,1,1405.1,https://climate.onebuilding.org/WMO_Region_6_Europe/CHE_Switzerland/BE_Bern/CHE_BE_Napf.066390_TMYx.2009-2023.zip
CHE,BE,Wynau,66430,SRC-TMYx,47.255,7.7875,1,423.4,https://climate.onebuilding.org/WMO_Region_6_Europe/CHE_Switzerland/BE_Bern/CHE_BE_Wynau.066430_TMYx.2009-2023.zip
CHE,BL,Basel.Binningen,66010,SRC-TMYx,47.5411,7.5836,1,317.3,https://climate.onebuilding.org/WMO_Region_6_Europe/CHE_Switzerland/BL_Basel-Landschaft/CHE_BL_Basel.Binningen.066010_TMYx.2009-2023.zip
CHE,BL,Runenberg,66450,SRC-TMYx,47.4344,7.8794,1,612.6,https://climate.onebuilding.org/WMO_Region_6_Europe/CHE_Switzerland/BL_Basel-Landschaft/CHE_BL_Runenberg.066450_TMYx.2009-2023.zip
CHE,FR,Fribourg.Posieux,66250,SRC-TMYx,46.7714,7.1136,1,647.6,https://climate.onebuilding.org/WMO_Region_6_Europe/CHE_Switzerland/FR_Fribourg/CHE_FR_Fribourg.Posieux.066250_TMYx.2009-2023.zip
CHE,FR,Le.Moleson,66090,SRC-TMYx,46.5461,7.0178,1,1975.2,https://climate.onebuilding.org/WMO_Region_6_Europe/CHE_Switzerland/FR_Fribourg/CHE_FR_Le.Moleson.066090_TMYx.2009-2023.zip
CHE,FR,Marsens,66400,SRC-TMYx,46.6564,7.0697,1,714.5,https://climate.onebuilding.org/WMO_Region_6_Europe/CHE_Switzerland/FR_Fribourg/CHE_FR_Marsens.066400_TMYx.2009-2023.zip
CHE,FR,Plaffeien,66280,SRC-TMYx,46.7478,7.2661,1,1043.1,https://climate.onebuilding.org/WMO_Region_6_Europe/CHE_Switzerland/FR_Fribourg/CHE_FR_Plaffeien.066280_TMYx.2009-2023.zip
CHE,GE,Geneva.Intl.AP,67000,SRC-TMYx,46.2475,6.1278,1,430.1,https://climate.onebuilding.org/WMO_Region_6_Europe/CHE_Switzerland/GE_Geneva/CHE_GE_Geneva.Intl.AP.067000_TMYx.2009-2023.zip
CHE,GL,Crap.Masegn,66880,SRC-TMYx,46.8422,9.18,1,2480,https://climate.onebuilding.org/WMO_Region_6_Europe/CHE_Switzerland/GL_Glarus/CHE_GL_Crap.Masegn.066880_TMYx.2009-2023.zip
CHE,GL,Elm,66820,SRC-TMYx,46.9239,9.1753,1,960,https://climate.onebuilding.org/WMO_Region_6_Europe/CHE_Switzerland/GL_Glarus/CHE_GL_Elm.066820_TMYx.2009-2023.zip
CHE,GL,Glarus,66850,SRC-TMYx,47.0347,9.0669,1,517.5,https://climate.onebuilding.org/WMO_Region_6_Europe/CHE_Switzerland/GL_Glarus/CHE_GL_Glarus.066850_TMYx.2009-2023.zip
CHE,GR,Andeer,67870,SRC-TMYx,46.61,9.4319,1,989,https://climate.onebuilding.org/WMO_Region_6_Europe/CHE_Switzerland/GR_Graubunden/CHE_GR_Andeer.067870_TMYx.2009-2023.zip
CHE,GR,Arosa,67850,SRC-TMYx,46.7925,9.6789,1,1878.2,https://climate.onebuilding.org/WMO_Region_6_Europe/CHE_Switzerland/GR_Graubunden/CHE_GR_Arosa.067850_TMYx.2009-2023.zip
CHE,GR,Buffalora,67780,SRC-TMYx,46.6481,10.2672,1,1969.2,https://climate.onebuilding.org/WMO_Region_6_Europe/CHE_Switzerland/GR_Graubunden/CHE_GR_Buffalora.067780_TMYx.2009-2023.zip
CHE,GR,Chur,67860,SRC-TMYx,46.8703,9.5306,1,557.6,https://climate.onebuilding.org/WMO_Region_6_Europe/CHE_Switzerland/GR_Graubunden/CHE_GR_Chur.067860_TMYx.2009-2023.zip
CHE,GR,Davos-Lake.Davos,67840,SRC-TMYx,46.813,9.8436,1,1595.2,https://climate.onebuilding.org/WMO_Region_6_Europe/CHE_Switzerland/GR_Graubunden/CHE_GR_Davos-Lake.Davos.067840_TMYx.2009-2023.zip
CHE,GR,Disentis.Sedrun,67820,SRC-TMYx,46.7067,8.8533,1,1198.1,https://climate.onebuilding.org/WMO_Region_6_Europe/CHE_Switzerland/GR_Graubunden/CHE_GR_Disentis.Sedrun.067820_TMYx.2009-2023.zip
CHE,GR,Grono,67580,SRC-TMYx,46.255,9.1639,1,324.3,https://climate.onebuilding.org/WMO_Region_6_Europe/CHE_Switzerland/GR_Graubunden/CHE_GR_Grono.067580_TMYx.2009-2023.zip
CHE,GR,Ilanz,67890,SRC-TMYx,46.775,9.2153,1,698,https://climate.onebuilding.org/WMO_Region_6_Europe/CHE_Switzerland/GR_Graubunden/CHE_GR_Ilanz.067890_TMYx.2009-2023.zip
CHE,GR,Naluns,67990,SRC-TMYx,46.8172,10.2614,1,2400,https://climate.onebuilding.org/WMO_Region_6_Europe/CHE_Switzerland/GR_Graubunden/CHE_GR_Naluns.067990_TMYx.2009-2023.zip
CHE,GR,Passo.del.Bernina,67970,SRC-TMYx,46.4092,10.0194,1,2260.2,https://climate.onebuilding.org/WMO_Region_6_Europe/CHE_Switzerland/GR_Graubunden/CHE_GR_Passo.del.Bernina.067970_TMYx.2009-2023.zip
CHE,GR,Piz.Corvatsch,67910,SRC-TMYx,46.4181,9.8211,1,3302.3,https://climate.onebuilding.org/WMO_Region_6_Europe/CHE_Switzerland/GR_Graubunden/CHE_GR_Piz.Corvatsch.067910_TMYx.2009-2023.zip
CHE,GR,Piz.Martegnas,67950,SRC-TMYx,46.5772,9.5294,1,2671.3,https://climate.onebuilding.org/WMO_Region_6_Europe/CHE_Switzerland/GR_Graubunden/CHE_GR_Piz.Martegnas.067950_TMYx.2009-2023.zip
CHE,GR,Poschiavo.Robbia,67940,SRC-TMYx,46.3472,10.0631,1,1079.1,https://climate.onebuilding.org/WMO_Region_6_Europe/CHE_Switzerland/GR_Graubunden/CHE_GR_Poschiavo.Robbia.067940_TMYx.2009-2023.zip
CHE,GR,San.Bernardino,67830,SRC-TMYx,46.4636,9.1847,1,1640.2,https://climate.onebuilding.org/WMO_Region_6_Europe/CHE_Switzerland/GR_Graubunden/CHE_GR_San.Bernardino.067830_TMYx.2009-2023.zip
CHE,GR,Santa.Maria.Val.Mustair,67960,SRC-TMYx,46.6022,10.4264,1,1384.1,https://climate.onebuilding.org/WMO_Region_6_Europe/CHE_Switzerland/GR_Graubunden/CHE_GR_Santa.Maria.Val.Mustair.067960_TMYx.2009-2023.zip
CHE,GR,Scalottas,68460,SRC-TMYx,46.7214,9.5108,1,2323,https://climate.onebuilding.org/WMO_Region_6_Europe/CHE_Switzerland/GR_Graubunden/CHE_GR_Scalottas.068460_TMYx.2009-2023.zip
CHE,GR,Schiers,67900,SRC-TMYx,46.9756,9.6681,1,626,https://climate.onebuilding.org/WMO_Region_6_Europe/CHE_Switzerland/GR_Graubunden/CHE_GR_Schiers.067900_TMYx.2009-2023.zip
CHE,GR,Scuol,67980,SRC-TMYx,46.7933,10.2833,1,1305.1,https://climate.onebuilding.org/WMO_Region_6_Europe/CHE_Switzerland/GR_Graubunden/CHE_GR_Scuol.067980_TMYx.2009-2023.zip
CHE,GR,Sils-Segl.Maria,67790,SRC-TMYx,46.4322,9.7622,1,1804.2,https://climate.onebuilding.org/WMO_Region_6_Europe/CHE_Switzerland/GR_Graubunden/CHE_GR_Sils-Segl.Maria.067790_TMYx.2009-2023.zip
CHE,GR,St.Moritz-Samedam-Engadin.AP,67920,SRC-TMYx,46.5264,9.8789,1,1709.2,https://climate.onebuilding.org/WMO_Region_6_Europe/CHE_Switzerland/GR_Graubunden/CHE_GR_St.Moritz-Samedam-Engadin.AP.067920_TMYx.2009-2023.zip
CHE,GR,Valbella,67930,SRC-TMYx,46.755,9.5544,1,1570.2,https://climate.onebuilding.org/WMO_Region_6_Europe/CHE_Switzerland/GR_Graubunden/CHE_GR_Valbella.067930_TMYx.2009-2023.zip
CHE,GR,Vicosoprano,67880,SRC-TMYx,46.3531,9.6278,1,1089.1,https://climate.onebuilding.org/WMO_Region_6_Europe/CHE_Switzerland/GR_Graubunden/CHE_GR_Vicosoprano.067880_TMYx.2009-2023.zip
CHE,GR,Weissfluhjoch,67800,SRC-TMYx,46.8333,9.8064,1,2673.3,https://climate.onebuilding.org/WMO_Region_6_Europe/CHE_Switzerland/GR_Graubunden/CHE_GR_Weissfluhjoch.067800_TMYx.2009-2023.zip
CHE,JU,Delemont,66020,SRC-TMYx,47.3517,7.3494,1,439.4,https://climate.onebuilding.org/WMO_Region_6_Europe/CHE_Switzerland/JU_Jura/CHE_JU_Delemont.066020_TMYx.2009-2023.zip
CHE,JU,Fahy.Boncourt,66160,SRC-TMYx,47.4239,6.9411,1,597.6,https://climate.onebuilding.org/WMO_Region_6_Europe/CHE_Switzerland/JU_Jura/CHE_JU_Fahy.Boncourt.066160_TMYx.2009-2023.zip
CHE,LU,Egolzwil,66480,SRC-TMYx,47.1795,8.0047,1,522.5,https://climate.onebuilding.org/WMO_Region_6_Europe/CHE_Switzerland/LU_Lucerne/CHE_LU_Egolzwil.066480_TMYx.2009-2023.zip
CHE,LU,Emmen.AB,66130,SRC-TMYx,47.084,8.296,1,426.7,https://climate.onebuilding.org/WMO_Region_6_Europe/CHE_Switzerland/LU_Lucerne/CHE_LU_Emmen.AB.066130_TMYx.2009-2023.zip
CHE,LU,Fluehli,66520,SRC-TMYx,46.8895,8.0203,1,939.8,https://climate.onebuilding.org/WMO_Region_6_Europe/CHE_Switzerland/LU_Lucerne/CHE_LU_Fluehli.066520_TMYx.2009-2023.zip
CHE,LU,Luzern,66500,SRC-TMYx,47.0364,8.3008,1,455.5,https://climate.onebuilding.org/WMO_Region_6_Europe/CHE_Switzerland/LU_Lucerne/CHE_LU_Luzern.066500_TMYx.2009-2023.zip
CHE,LU,Mosen,66440,SRC-TMYx,47.2439,8.2328,1,453.5,https://climate.onebuilding.org/WMO_Region_6_Europe/CHE_Switzerland/LU_Lucerne/CHE_LU_Mosen.066440_TMYx.2009-2023.zip
CHE,LU,Schupfheim,66510,SRC-TMYx,46.9469,8.0125,1,743.7,https://climate.onebuilding.org/WMO_Region_6_Europe/CHE_Switzerland/LU_Lucerne/CHE_LU_Schupfheim.066510_TMYx.2009-2023.zip
CHE,NE,Chaumont,66080,SRC-TMYx,47.0492,6.9789,1,1136.1,https://climate.onebuilding.org/WMO_Region_6_Europe/CHE_Switzerland/NE_Neuchatel/CHE_NE_Chaumont.066080_TMYx.2009-2023.zip
CHE,NE,Cressier,66060,SRC-TMYx,47.0475,7.0592,1,432.4,https://climate.onebuilding.org/WMO_Region_6_Europe/CHE_Switzerland/NE_Neuchatel/CHE_NE_Cressier.066060_TMYx.2009-2023.zip
CHE,NE,La.Brevine,66170,SRC-TMYx,46.9839,6.6103,1,1050.1,https://climate.onebuilding.org/WMO_Region_6_Europe/CHE_Switzerland/NE_Neuchatel/CHE_NE_La.Brevine.066170_TMYx.2009-2023.zip
CHE,NE,La.Chaux.de.Fonds-Les.Eplatures.AP,66120,SRC-TMYx,47.083,6.7922,1,1018.1,https://climate.onebuilding.org/WMO_Region_6_Europe/CHE_Switzerland/NE_Neuchatel/CHE_NE_La.Chaux.de.Fonds-Les.Eplatures.AP.066120_TMYx.2009-2023.zip
CHE,NE,Neuchatel,66040,SRC-TMYx,47,6.9533,1,485.5,https://climate.onebuilding.org/WMO_Region_6_Europe/CHE_Switzerland/NE_Neuchatel/CHE_NE_Neuchatel.066040_TMYx.2009-2023.zip
CHE,NW,Buochs.AP,68065,SRC-TMYx,46.967,8.4,1,450,https://climate.onebuilding.org/WMO_Region_6_Europe/CHE_Switzerland/NW_Nidwalden/CHE_BL_Buochs.AP.068065_TMYx.2009-2023.zip
CHE,NW,Pilatus,66590,SRC-TMYx,46.9789,8.2522,1,2103.2,https://climate.onebuilding.org/WMO_Region_6_Europe/CHE_Switzerland/NW_Nidwalden/CHE_NW_Pilatus.066590_TMYx.2009-2023.zip
CHE,OW,Alpnach.AB,66580,SRC-TMYx,46.9431,8.2858,1,436,https://climate.onebuilding.org/WMO_Region_6_Europe/CHE_Switzerland/OW_Obwalden/CHE_OW_Alpnach.AB.066580_TMYx.2009-2023.zip
CHE,OW,Engelberg,66550,SRC-TMYx,46.8219,8.4106,1,1036.1,https://climate.onebuilding.org/WMO_Region_6_Europe/CHE_Switzerland/OW_Obwalden/CHE_OW_Engelberg.066550_TMYx.2009-2023.zip
CHE,OW,Giswil,66570,SRC-TMYx,46.8494,8.1903,1,471.5,https://climate.onebuilding.org/WMO_Region_6_Europe/CHE_Switzerland/OW_Obwalden/CHE_OW_Giswil.066570_TMYx.2009-2023.zip
CHE,OW,Titlis,67400,SRC-TMYx,46.7705,8.4258,1,3094.3,https://climate.onebuilding.org/WMO_Region_6_Europe/CHE_Switzerland/OW_Obwalden/CHE_OW_Titlis.067400_TMYx.2009-2023.zip
CHE,SG,Bad.Ragaz,66860,SRC-TMYx,47.0167,9.5025,1,497.5,https://climate.onebuilding.org/WMO_Region_6_Europe/CHE_Switzerland/SG_Sankt_Gallen/CHE_SG_Bad.Ragaz.066860_TMYx.2009-2023.zip
CHE,SG,Buchs.Aarau,66330,SRC-TMYx,47.3844,8.0794,1,388.4,https://climate.onebuilding.org/WMO_Region_6_Europe/CHE_Switzerland/SG_Sankt_Gallen/CHE_SG_Buchs.Aarau.066330_TMYx.2009-2023.zip
CHE,SG,Ebnat-Kappel,66930,SRC-TMYx,47.2733,9.1086,1,624.6,https://climate.onebuilding.org/WMO_Region_6_Europe/CHE_Switzerland/SG_Sankt_Gallen/CHE_SG_Ebnat-Kappel.066930_TMYx.2009-2023.zip
CHE,SG,Pfaefers-St.Margretenberg,68480,ERA5-TMYx,46.9747,9.5022,1,1490,https://climate.onebuilding.org/WMO_Region_6_Europe/CHE_Switzerland/SG_Sankt_Gallen/CHE_SG_Pfaefers-St.Margretenberg.068480_TMYx.2009-2023.zip
CHE,SG,Quinten,66870,ERA5-TMYx,47.12895,9.21601,1,426,https://climate.onebuilding.org/WMO_Region_6_Europe/CHE_Switzerland/SG_Sankt_Gallen/CHE_SG_Quinten.066870_TMYx.2009-2023.zip
CHE,SG,Schmerikon,66830,ERA5-TMYx,47.2247,8.9403,1,409.4,https://climate.onebuilding.org/WMO_Region_6_Europe/CHE_Switzerland/SG_Sankt_Gallen/CHE_SG_Schmerikon.066830_TMYx.2009-2023.zip
CHE,SG,St.Gallen,66810,SRC-TMYx,47.4256,9.3986,1,777.8,https://climate.onebuilding.org/WMO_Region_6_Europe/CHE_Switzerland/SG_Sankt_Gallen/CHE_SG_St.Gallen.066810_TMYx.2009-2023.zip
CHE,SG,St.Gallen-Altenrhein.AP,66900,SRC-TMYx,47.4836,9.5667,1,398.4,https://climate.onebuilding.org/WMO_Region_6_Europe/CHE_Switzerland/SG_Sankt_Gallen/CHE_SG_St.Gallen-Altenrhein.AP.066900_TMYx.2009-2023.zip
CHE,SH,Hallau,66240,SRC-TMYx,47.6972,8.4706,1,420,https://climate.onebuilding.org/WMO_Region_6_Europe/CHE_Switzerland/SH_Schaffhausen/CHE_SH_Hallau.066240_TMYx.2009-2023.zip
CHE,SH,Schaffhausen,66200,SRC-TMYx,47.6897,8.62,1,439.4,https://climate.onebuilding.org/WMO_Region_6_Europe/CHE_Switzerland/SH_Schaffhausen/CHE_SH_Schaffhausen.066200_TMYx.2009-2023.zip
CHE,SO,Gosgen,66260,SRC-TMYx,47.363,7.9736,1,381.4,https://climate.onebuilding.org/WMO_Region_6_Europe/CHE_Switzerland/SO_Solothurn/CHE_SO_Gosgen.066260_TMYx.2009-2023.zip
CHE,SO,Grenchen.AP,66320,SRC-TMYx,47.1792,7.415,1,431.4,https://climate.onebuilding.org/WMO_Region_6_Europe/CHE_Switzerland/SO_Solothurn/CHE_SO_Grenchen.AP.066320_TMYx.2009-2023.zip
CHE,SZ,Einsiedeln,66750,SRC-TMYx,47.133,8.7567,1,911.9,https://climate.onebuilding.org/WMO_Region_6_Europe/CHE_Switzerland/SZ_Schwyz/CHE_SZ_Einsiedeln.066750_TMYx.2009-2023.zip
CHE,TG,Aadorf.Tanikon,66790,SRC-TMYx,47.48,8.905,1,539.5,https://climate.onebuilding.org/WMO_Region_6_Europe/CHE_Switzerland/TG_Thurgau/CHE_TG_Aadorf.Tanikon.066790_TMYx.2009-2023.zip
CHE,TG,Bischofszell,66780,SRC-TMYx,47.4975,9.2347,1,468.5,https://climate.onebuilding.org/WMO_Region_6_Europe/CHE_Switzerland/TG_Thurgau/CHE_TG_Bischofszell.066780_TMYx.2009-2023.zip
CHE,TG,Guttingen,66210,SRC-TMYx,47.6017,9.2794,1,441.4,https://climate.onebuilding.org/WMO_Region_6_Europe/CHE_Switzerland/TG_Thurgau/CHE_TG_Guttingen.066210_TMYx.2009-2023.zip
CHE,TG,Salen.Reutenen,66230,SRC-TMYx,47.6511,9.0239,1,719.7,https://climate.onebuilding.org/WMO_Region_6_Europe/CHE_Switzerland/TG_Thurgau/CHE_TG_Salen.Reutenen.066230_TMYx.2009-2023.zip
CHE,TG,Sitterdorf.Flight.School,68420,SRC-TMYx,47.5097,9.2614,1,506,https://climate.onebuilding.org/WMO_Region_6_Europe/CHE_Switzerland/TG_Thurgau/CHE_TG_Sitterdorf.Flight.School.068420_TMYx.2009-2023.zip
CHE,TG,Steckborn,66710,ERA5-TMYx,47.66861,8.98139,1,400,https://climate.onebuilding.org/WMO_Region_6_Europe/CHE_Switzerland/TG_Thurgau/CHE_TG_Steckborn.066710_TMYx.2009-2023.zip
CHE,TI,Acquarossa.Comprovasco,67560,SRC-TMYx,46.4594,8.9356,1,576.6,https://climate.onebuilding.org/WMO_Region_6_Europe/CHE_Switzerland/TI_Ticino/CHE_TI_Acquarossa.Comprovasco.067560_TMYx.2009-2023.zip
CHE,TI,Andermatt,66950,SRC-TMYx,46.6308,8.5806,1,1438.1,https://climate.onebuilding.org/WMO_Region_6_Europe/CHE_Switzerland/TI_Ticino/CHE_TI_Andermatt.066950_TMYx.2009-2023.zip
CHE,TI,Cevio,67520,SRC-TMYx,46.3205,8.6031,1,422.4,https://climate.onebuilding.org/WMO_Region_6_Europe/CHE_Switzerland/TI_Ticino/CHE_TI_Cevio.067520_TMYx.2009-2023.zip
CHE,TI,Cimetta,67590,SRC-TMYx,46.2008,8.7906,1,1662.2,https://climate.onebuilding.org/WMO_Region_6_Europe/CHE_Switzerland/TI_Ticino/CHE_TI_Cimetta.067590_TMYx.2009-2023.zip
CHE,TI,Locarno.Magadino.AP,67620,SRC-TMYx,46.166,8.882,1,198,https://climate.onebuilding.org/WMO_Region_6_Europe/CHE_Switzerland/TI_Ticino/CHE_TI_Locarno.Magadino.AP.067620_TMYx.2009-2023.zip
CHE,TI,Locarno.Monti,67600,SRC-TMYx,46.1725,8.7875,1,374.4,https://climate.onebuilding.org/WMO_Region_6_Europe/CHE_Switzerland/TI_Ticino/CHE_TI_Locarno.Monti.067600_TMYx.2009-2023.zip
CHE,TI,Lugano,67700,SRC-TMYx,46.0039,8.9601,1,278.9,https://climate.onebuilding.org/WMO_Region_6_Europe/CHE_Switzerland/TI_Ticino/CHE_TI_Lugano.067700_TMYx.2009-2023.zip
CHE,TI,Matro,67540,SRC-TMYx,46.41,8.9247,1,2171,https://climate.onebuilding.org/WMO_Region_6_Europe/CHE_Switzerland/TI_Ticino/CHE_TI_Matro.067540_TMYx.2009-2023.zip
CHE,TI,Monte.Generoso,67770,SRC-TMYx,45.9275,9.0178,1,1601.2,https://climate.onebuilding.org/WMO_Region_6_Europe/CHE_Switzerland/TI_Ticino/CHE_TI_Monte.Generoso.067770_TMYx.2009-2023.zip
CHE,TI,Piotta-Ambri.AP,67530,SRC-TMYx,46.5147,8.6881,1,991,https://climate.onebuilding.org/WMO_Region_6_Europe/CHE_Switzerland/TI_Ticino/CHE_TI_Piotta-Ambri.AP.067530_TMYx.2009-2023.zip
CHE,TI,Robiei,67510,SRC-TMYx,46.4431,8.5133,1,1896.2,https://climate.onebuilding.org/WMO_Region_6_Europe/CHE_Switzerland/TI_Ticino/CHE_TI_Robiei.067510_TMYx.2009-2023.zip
CHE,TI,Stabio,67710,SRC-TMYx,45.8433,8.9325,1,352.4,https://climate.onebuilding.org/WMO_Region_6_Europe/CHE_Switzerland/TI_Ticino/CHE_TI_Stabio.067710_TMYx.2009-2023.zip
CHE,UR,Altdorf,66720,SRC-TMYx,46.887,8.6217,1,439.4,https://climate.onebuilding.org/WMO_Region_6_Europe/CHE_Switzerland/UR_Uri/CHE_UR_Altdorf.066720_TMYx.2009-2023.zip
CHE,UR,Gutsch.ob.Andermatt,67500,SRC-TMYx,46.6525,8.615,1,2284.2,https://climate.onebuilding.org/WMO_Region_6_Europe/CHE_Switzerland/UR_Uri/CHE_UR_Gutsch.ob.Andermatt.067500_TMYx.2009-2023.zip
CHE,VD,Biere,67040,SRC-TMYx,46.525,6.3425,1,684.7,https://climate.onebuilding.org/WMO_Region_6_Europe/CHE_Switzerland/VD_Vaud/CHE_VD_Biere.067040_TMYx.2009-2023.zip
CHE,VD,Bullet.La.Fretaz,66190,SRC-TMYx,46.8405,6.5764,1,1206.1,https://climate.onebuilding.org/WMO_Region_6_Europe/CHE_Switzerland/VD_Vaud/CHE_VD_Bullet.La.Fretaz.066190_TMYx.2009-2023.zip
CHE,VD,Charbonnieres,67030,SRC-TMYx,46.6703,6.3125,1,1045.1,https://climate.onebuilding.org/WMO_Region_6_Europe/CHE_Switzerland/VD_Vaud/CHE_VD_Charbonnieres.067030_TMYx.2009-2023.zip
CHE,VD,Chateau.d-Oex,66270,SRC-TMYx,46.4797,7.1397,1,1030.1,https://climate.onebuilding.org/WMO_Region_6_Europe/CHE_Switzerland/VD_Vaud/CHE_VD_Chateau.d-Oex.066270_TMYx.2009-2023.zip
CHE,VD,La.Dole,67020,SRC-TMYx,46.4247,6.0994,1,1670.2,https://climate.onebuilding.org/WMO_Region_6_Europe/CHE_Switzerland/VD_Vaud/CHE_VD_La.Dole.067020_TMYx.2009-2023.zip
CHE,VD,Lausanne-Pully,67110,SRC-TMYx,46.5122,6.6675,1,456.5,https://climate.onebuilding.org/WMO_Region_6_Europe/CHE_Switzerland/VD_Vaud/CHE_VD_Lausanne-Pully.067110_TMYx.2009-2023.zip
CHE,VD,Les.Diablerets,67140,SRC-TMYx,46.3267,7.2039,1,2964.3,https://climate.onebuilding.org/WMO_Region_6_Europe/CHE_Switzerland/VD_Vaud/CHE_VD_Les.Diablerets.067140_TMYx.2009-2023.zip
CHE,VD,Mathod,66180,SRC-TMYx,46.7369,6.5681,1,437.4,https://climate.onebuilding.org/WMO_Region_6_Europe/CHE_Switzerland/VD_Vaud/CHE_VD_Mathod.066180_TMYx.2009-2023.zip
CHE,VD,Nyon.Changins,67050,SRC-TMYx,46.4011,6.2278,1,459.5,https://climate.onebuilding.org/WMO_Region_6_Europe/CHE_Switzerland/VD_Vaud/CHE_VD_Nyon.Changins.067050_TMYx.2009-2023.zip
CHE,VD,Oron,67080,SRC-TMYx,46.5722,6.8583,1,828.8,https://climate.onebuilding.org/WMO_Region_6_Europe/CHE_Switzerland/VD_Vaud/CHE_VD_Oron.067080_TMYx.2009-2023.zip
CHE,VD,Payerne,66100,SRC-TMYx,46.8117,6.9425,1,490.5,https://climate.onebuilding.org/WMO_Region_6_Europe/CHE_Switzerland/VD_Vaud/CHE_VD_Payerne.066100_TMYx.2009-2023.zip
CHE,VD,St.Prex,67060,ERA5-TMYx,46.4836,6.4431,1,425,https://climate.onebuilding.org/WMO_Region_6_Europe/CHE_Switzerland/VD_Vaud/CHE_VD_St.Prex.067060_TMYx.2009-2023.zip
CHE,VD,Villars-Tiercelin,67070,SRC-TMYx,46.6217,6.71,1,859,https://climate.onebuilding.org/WMO_Region_6_Europe/CHE_Switzerland/VD_Vaud/CHE_VD_Villars-Tiercelin.067070_TMYx.2009-2023.zip
CHE,VS,Adelboden,67350,SRC-TMYx,46.4922,7.5606,1,1328.1,https://climate.onebuilding.org/WMO_Region_6_Europe/CHE_Switzerland/VS_Valais/CHE_VS_Adelboden.067350_TMYx.2009-2023.zip
CHE,VS,Aigle,67120,SRC-TMYx,46.3267,6.9244,1,382.4,https://climate.onebuilding.org/WMO_Region_6_Europe/CHE_Switzerland/VS_Valais/CHE_VS_Aigle.067120_TMYx.2009-2023.zip
CHE,VS,Binn,67210,SRC-TMYx,46.3656,8.1908,1,1448,https://climate.onebuilding.org/WMO_Region_6_Europe/CHE_Switzerland/VS_Valais/CHE_VS_Binn.067210_TMYx.2009-2023.zip
CHE,VS,Blatten,67250,SRC-TMYx,46.4206,7.8233,1,1538.2,https://climate.onebuilding.org/WMO_Region_6_Europe/CHE_Switzerland/VS_Valais/CHE_VS_Blatten.067250_TMYx.2009-2023.zip
CHE,VS,Col.du.Grand.St.Bernard,67170,SRC-TMYx,45.8689,7.1708,1,2487.2,https://climate.onebuilding.org/WMO_Region_6_Europe/CHE_Switzerland/VS_Valais/CHE_VS_Col.du.Grand.St.Bernard.067170_TMYx.2009-2023.zip
CHE,VS,Evionnaz,67150,SRC-TMYx,46.1831,7.0267,1,482.5,https://climate.onebuilding.org/WMO_Region_6_Europe/CHE_Switzerland/VS_Valais/CHE_VS_Evionnaz.067150_TMYx.2009-2023.zip
CHE,VS,Evolene.Villaz,67220,SRC-TMYx,46.1122,7.5086,1,1828.2,https://climate.onebuilding.org/WMO_Region_6_Europe/CHE_Switzerland/VS_Valais/CHE_VS_Evolene.Villaz.067220_TMYx.2009-2023.zip
CHE,VS,Gornergrat,67490,SRC-TMYx,45.9836,7.7858,1,3129.3,https://climate.onebuilding.org/WMO_Region_6_Europe/CHE_Switzerland/VS_Valais/CHE_VS_Gornergrat.067490_TMYx.2009-2023.zip
CHE,VS,Grachen,67280,SRC-TMYx,46.1953,7.8369,1,1605.2,https://climate.onebuilding.org/WMO_Region_6_Europe/CHE_Switzerland/VS_Valais/CHE_VS_Grachen.067280_TMYx.2009-2023.zip
CHE,VS,Grimsel.Hospiz,67440,SRC-TMYx,46.5717,8.3333,1,1961.2,https://climate.onebuilding.org/WMO_Region_6_Europe/CHE_Switzerland/VS_Valais/CHE_VS_Grimsel.Hospiz.067440_TMYx.2009-2023.zip
CHE,VS,Le.Bouveret-Port.Valais,67090,SRC-TMYx,46.3829,6.8541,1,385,https://climate.onebuilding.org/WMO_Region_6_Europe/CHE_Switzerland/VS_Valais/CHE_VS_Le.Bouveret-Port.Valais.067090_TMYx.2009-2023.zip
CHE,VS,Montana,67240,SRC-TMYx,46.2986,7.4608,1,1424.1,https://climate.onebuilding.org/WMO_Region_6_Europe/CHE_Switzerland/VS_Valais/CHE_VS_Montana.067240_TMYx.2009-2023.zip
CHE,VS,Monte.Rosa,67470,SRC-TMYx,45.9567,7.8147,1,2885,https://climate.onebuilding.org/WMO_Region_6_Europe/CHE_Switzerland/VS_Valais/CHE_VS_Monte.Rosa.067470_TMYx.2009-2023.zip
CHE,VS,Mottec,67160,SRC-TMYx,46.1478,7.6242,1,1580.2,https://climate.onebuilding.org/WMO_Region_6_Europe/CHE_Switzerland/VS_Valais/CHE_VS_Mottec.067160_TMYx.2009-2023.zip
CHE,VS,Sion.AP,67200,SRC-TMYx,46.2186,7.3303,1,483,https://climate.onebuilding.org/WMO_Region_6_Europe/CHE_Switzerland/VS_Valais/CHE_VS_Sion.AP.067200_TMYx.2009-2023.zip
CHE,VS,Ulrichen.AP,67450,SRC-TMYx,46.5047,8.3081,1,1347.1,https://climate.onebuilding.org/WMO_Region_6_Europe/CHE_Switzerland/VS_Valais/CHE_VS_Ulrichen.AP.067450_TMYx.2009-2023.zip
CHE,VS,Verbier-Les.Attlelas,67230,SRC-TMYx,46.0992,7.2686,1,2733,https://climate.onebuilding.org/WMO_Region_6_Europe/CHE_Switzerland/VS_Valais/CHE_VS_Verbier-Les.Attlelas.067230_TMYx.2009-2023.zip
CHE,VS,Visp,67270,SRC-TMYx,46.3028,7.8431,1,640.6,https://climate.onebuilding.org/WMO_Region_6_Europe/CHE_Switzerland/VS_Valais/CHE_VS_Visp.067270_TMYx.2009-2023.zip
CHE,VS,Zermatt,67480,SRC-TMYx,46.0292,7.7531,1,1639.2,https://climate.onebuilding.org/WMO_Region_6_Europe/CHE_Switzerland/VS_Valais/CHE_VS_Zermatt.067480_TMYx.2009-2023.zip
CHE,ZG,Cham,66740,SRC-TMYx,47.1883,8.4647,1,443.4,https://climate.onebuilding.org/WMO_Region_6_Europe/CHE_Switzerland/ZG_Zug/CHE_ZG_Cham.066740_TMYx.2009-2023.zip
CHE,ZG,Oberaegeri,66760,ERA5-TMYx,47.1339,8.61,1,726,https://climate.onebuilding.org/WMO_Region_6_Europe/CHE_Switzerland/ZG_Zug/CHE_ZG_Oberaegeri.066760_TMYx.2009-2023.zip
CHE,ZH,Dubendorf.AP,66099,SRC-TMYx,47.399,8.648,1,448.1,https://climate.onebuilding.org/WMO_Region_6_Europe/CHE_Switzerland/ZH_Zurich/CHE_ZH_Dubendorf.AP.066099_TMYx.2009-2023.zip
CHE,ZH,Hombrechtikom,68510,ERA5-TMYx,47.2442,8.77,1,496,https://climate.onebuilding.org/WMO_Region_6_Europe/CHE_Switzerland/ZH_Zurich/CHE_ZH_Hombrechtikom.068510_TMYx.2009-2023.zip
CHE,ZH,Hornli,66890,SRC-TMYx,47.3708,8.9417,1,1134.1,https://climate.onebuilding.org/WMO_Region_6_Europe/CHE_Switzerland/ZH_Zurich/CHE_ZH_Hornli.066890_TMYx.2009-2023.zip
CHE,ZH,Lageren,66690,SRC-TMYx,47.4819,8.3972,1,843,https://climate.onebuilding.org/WMO_Region_6_Europe/CHE_Switzerland/ZH_Zurich/CHE_ZH_Lageren.066690_TMYx.2009-2023.zip
CHE,ZH,Wadenswil,66730,SRC-TMYx,47.2208,8.6778,1,486.5,https://climate.onebuilding.org/WMO_Region_6_Europe/CHE_Switzerland/ZH_Zurich/CHE_ZH_Wadenswil.066730_TMYx.2009-2023.zip
CHE,ZH,Zurich.Affoltern,66640,SRC-TMYx,47.4278,8.5178,1,444.4,https://climate.onebuilding.org/WMO_Region_6_Europe/CHE_Switzerland/ZH_Zurich/CHE_ZH_Zurich.Affoltern.066640_TMYx.2009-2023.zip
CHE,ZH,Zurich.AP,66700,SRC-TMYx,47.4797,8.5358,1,427.4,https://climate.onebuilding.org/WMO_Region_6_Europe/CHE_Switzerland/ZH_Zurich/CHE_ZH_Zurich.AP.066700_TMYx.2009-2023.zip
CHE,ZH,Zurich.Fluntern,66600,SRC-TMYx,47.3781,8.5658,1,557.6,https://climate.onebuilding.org/WMO_Region_6_Europe/CHE_Switzerland/ZH_Zurich/CHE_ZH_Zurich.Fluntern.066600_TMYx.2009-2023.zip