,Solar thermal,Wood,Heating oil,Energy sources for heat pump,Others,Gas,None,District heating,Electricity,KANTONSNUM
Aeugst am Albis,0,1,15,25,0,0,0,0,0,1
Affoltern am Albis,0,0,48,120,0,1,0,9,2,1
Bonstetten,0,0,41,55,0,0,0,0,0,1
Hausen am Albis,0,4,8,13,0,0,0,9,0,1
Hedingen,0,0,22,45,0,0,0,2,3,1
Kappel am Albis,0,2,5,12,0,0,0,1,2,1
Knonau,0,9,13,5,0,0,0,31,0,1
Maschwanden,0,1,12,2,0,0,0,0,1,1
Mettmenstetten,0,8,35,48,0,0,0,0,0,1
Obfelden,0,1,30,44,0,1,0,0,0,1
Ottenbach,0,3,11,32,0,0,0,3,0,1
Rifferswil,0,1,3,10,0,0,0,0,0,1
Stallikon,0,0,26,33,0,0,0,2,1,1
Wettswil am Albis,0,0,61,27,0,5,0,0,1,1
Benken (ZH),0,0,2,2,0,0,0,7,0,1
Berg am Irchel,0,2,2,4,0,0,0,8,0,1
Buch am Irchel,0,0,1,18,0,1,0,6,0,1
Dachsen,0,0,20,64,1,0,2,0,2,1
Dorf,0,0,8,12,0,0,0,0,0,1
Feuerthalen,0,1,4,12,0,59,0,0,0,1
Flaach,0,1,6,14,0,0,0,5,0,1
Flurlingen,0,0,0,17,1,21,0,0,0,1
Henggart,0,1,32,57,0,0,0,0,0,1
Kleinandelfingen,0,2,26,15,0,0,0,0,2,1
Laufen-Uhwiesen,0,0,13,14,0,0,0,0,0,1
Marthalen,0,2,13,16,0,0,0,0,1,1
Ossingen,0,0,7,17,0,0,0,5,0,1
Rheinau,0,3,4,12,0,0,0,7,0,1
Thalheim an der Thur,0,0,1,11,0,0,0,0,0,1
Trüllikon,0,0,4,6,0,0,0,0,0,1
Truttikon,0,1,3,5,0,0,0,0,0,1
Volken,0,1,0,9,0,0,0,0,0,1
Bachenbülach,1,1,8,16,0,0,0,0,0,1
Bassersdorf,0,1,135,90,0,0,0,3,3,1
Bülach,0,2,31,32,0,30,0,4,0,1
Dietlikon,0,1,6,2,0,43,0,6,0,1
Eglisau,0,0,42,52,0,1,0,0,4,1
Embrach,0,20,39,64,0,1,0,10,4,1
Freienstein-Teufen,0,2,1,39,0,0,0,0,0,1
Glattfelden,0,2,63,40,0,0,0,0,3,1
Hochfelden,0,0,16,27,0,1,0,0,1,1
Höri,0,0,14,27,0,0,0,2,0,1
Hüntwangen,0,1,15,20,0,0,0,0,2,1
Kloten,0,5,74,82,7,0,0,0,2,1
Lufingen,0,0,17,9,0,0,0,0,0,1
Nürensdorf,0,2,41,50,1,0,0,0,0,1
Oberembrach,0,2,0,5,0,0,0,0,2,1
Opfikon,0,0,13,24,0,48,0,0,0,1
Rafz,0,0,11,38,0,0,0,28,0,1
Rorbas,0,0,13,8,0,0,0,0,0,1
Wallisellen,0,0,22,8,0,47,4,3,4,1
Wasterkingen,0,0,7,5,0,0,0,0,0,1
Wil (ZH),0,1,6,11,0,0,0,0,1,1
Winkel,0,2,22,39,1,0,1,0,1,1
Bachs,0,0,7,3,0,0,0,0,0,1
Boppelsen,0,9,18,42,0,0,0,0,2,1
Buchs (ZH),0,0,27,27,0,25,0,0,1,1
Dällikon,1,0,5,14,0,9,0,0,2,1
Dänikon,0,1,11,16,0,1,0,0,0,1
Dielsdorf,1,1,14,20,0,7,0,1,0,1
Hüttikon,0,2,8,9,0,0,0,0,0,1
Neerach,0,1,43,50,0,0,0,0,1,1
Niederglatt,0,1,25,59,11,1,0,3,2,1
Niederhasli,0,0,210,48,2,0,0,2,5,1
Niederweningen,0,2,49,106,0,1,0,3,4,1
Oberglatt,0,0,21,45,0,0,0,1,2,1
Oberweningen,0,0,5,8,0,0,0,0,0,1
Otelfingen,0,2,51,20,0,0,0,1,1,1
Regensberg,0,0,1,0,0,0,0,0,0,1
Regensdorf,0,3,104,102,2,60,0,2,4,1
Rümlang,0,0,14,37,0,20,0,17,5,1
Schleinikon,0,2,7,9,0,0,0,0,0,1
Schöfflisdorf,0,2,7,10,0,0,0,0,0,1
Stadel,0,0,25,31,0,0,0,0,1,1
Steinmaur,0,1,12,13,0,0,0,0,0,1
Weiach,0,3,5,21,0,0,0,11,1,1
Bäretswil,0,1,9,45,0,1,1,0,0,1
Bubikon,0,1,17,22,0,48,1,0,0,1
Dürnten,0,0,14,24,1,45,0,0,1,1
Fischenthal,0,1,5,3,0,0,0,0,0,1
Gossau (ZH),2,2,90,68,0,20,0,0,5,1
Grüningen,0,3,17,27,0,0,0,0,0,1
Hinwil,0,5,51,55,0,11,0,2,0,1
Rüti (ZH),0,2,5,24,0,40,0,0,1,1
Seegräben,0,0,3,4,0,1,0,0,0,1
Wald (ZH),0,5,15,30,0,0,0,1,0,1
Wetzikon (ZH),2,2,9,34,0,134,0,2,3,1
Adliswil,0,2,5,22,1,58,0,0,0,1
Kilchberg (ZH),0,1,2,5,0,36,0,0,0,1
Langnau am Albis,0,0,8,41,0,50,0,0,0,1
Oberrieden,0,0,6,33,0,42,1,1,1,1
Richterswil,1,0,24,25,0,105,0,0,1,1
Rüschlikon,0,1,7,6,2,23,0,1,1,1
Thalwil,0,2,11,43,1,58,0,3,2,1
Erlenbach (ZH),0,0,14,26,0,47,0,1,2,1
Herrliberg,9,0,18,24,4,75,0,2,0,1
Hombrechtikon,0,0,39,27,0,3,0,0,1,1
Küsnacht (ZH),0,0,12,28,0,68,0,8,0,1
Männedorf,0,21,12,37,0,96,0,1,0,1
Meilen,1,2,54,31,4,97,0,5,2,1
Oetwil am See,0,50,15,22,0,0,0,5,0,1
Stäfa,0,0,22,27,0,91,0,3,0,1
Uetikon am See,1,1,32,71,0,68,0,3,5,1
Zumikon,0,1,25,19,0,0,1,1,0,1
Zollikon,0,0,13,9,0,35,0,0,0,1
Fehraltorf,0,1,20,8,0,0,0,0,0,1
Hittnau,1,4,18,33,1,6,0,2,0,1
Lindau,0,7,64,79,0,0,0,11,1,1
Pfäffikon,0,1,47,36,0,1,0,14,0,1
Russikon,0,0,25,40,0,1,0,18,0,1
Weisslingen,0,4,21,21,0,0,0,0,0,1
Wila,0,1,9,21,0,0,0,7,1,1
Wildberg,0,0,6,9,0,0,0,0,0,1
Dübendorf,0,7,11,25,35,207,1,12,1,1
Egg,0,6,70,60,0,2,0,3,3,1
Fällanden,0,0,2,27,0,30,0,2,3,1
Greifensee,0,0,7,10,1,5,0,61,0,1
Maur,0,0,100,53,3,47,1,1,2,1
Mönchaltorf,0,1,11,34,0,1,0,0,1,1
Schwerzenbach,0,0,0,34,0,11,0,0,0,1
Uster,0,4,21,53,0,240,1,8,0,1
Volketswil,0,3,81,70,0,124,3,1,3,1
Wangen-Brüttisellen,0,2,108,65,0,47,1,1,3,1
Altikon,0,0,2,16,0,0,0,0,0,1
Brütten,0,12,46,15,0,0,0,1,2,1
Dägerlen,0,0,8,5,0,0,0,0,1,1
Dättlikon,0,0,4,7,0,0,0,1,0,1
Dinhard,0,3,11,9,0,0,0,0,0,1
Ellikon an der Thur,1,1,13,3,0,0,0,0,0,1
Elsau,0,5,27,60,0,0,0,0,1,1
Hagenbuch,0,0,11,30,0,0,0,1,1,1
Hettlingen,0,1,30,65,0,0,0,26,11,1
Neftenbach,0,1,18,50,0,0,0,0,4,1
Pfungen,0,0,3,7,0,25,0,0,0,1
Rickenbach (ZH),0,0,38,51,1,0,0,1,1,1
Schlatt (ZH),0,2,0,10,0,0,0,0,0,1
Seuzach,0,9,53,81,1,0,0,7,4,1
Turbenthal,0,4,11,8,0,0,0,2,0,1
Winterthur,0,20,55,418,0,205,1,48,2,1
Zell (ZH),0,16,34,10,0,0,0,2,1,1
Aesch (ZH),0,0,2,10,0,0,0,0,0,1
Birmensdorf (ZH),0,9,59,59,6,1,0,1,0,1
Dietikon,0,1,37,27,0,23,0,4,1,1
Geroldswil,0,1,10,13,0,29,0,0,0,1
Oberengstringen,0,0,21,12,0,8,0,0,0,1
Oetwil an der Limmat,0,0,18,6,0,0,0,0,0,1
Schlieren,0,0,6,1,0,11,0,0,0,1
Uitikon,0,1,37,22,2,0,0,0,0,1
Unterengstringen,0,0,5,5,0,3,0,22,1,1
Urdorf,0,1,18,23,0,72,0,1,0,1
Weiningen (ZH),0,0,17,22,0,22,0,0,0,1
Zürich,0,0,19,50,1,368,0,118,1,1
Andelfingen,0,0,22,29,0,1,0,9,0,1
Stammheim,0,3,20,11,0,0,0,10,0,1
Wädenswil,0,1,9,65,2,98,0,0,1,1
Elgg,0,4,14,30,0,0,0,29,0,1
Horgen,0,7,29,52,2,92,0,70,2,1
Illnau-Effretikon,0,31,40,47,0,31,0,0,0,1
Bauma,0,12,22,14,1,0,0,0,0,1
Wiesendangen,0,0,17,58,0,24,0,1,0,1
Aarberg,0,3,10,29,0,26,0,0,0,2
Bargen (BE),0,0,4,3,0,7,0,0,0,2
Grossaffoltern,0,4,24,24,0,2,0,0,0,2
Kallnach,0,3,25,19,0,0,0,0,1,2
Kappelen,0,3,16,20,0,0,0,0,0,2
Lyss,0,2,43,22,0,127,0,5,0,2
Meikirch,0,9,34,26,0,0,0,0,0,2
Radelfingen,0,3,4,5,0,0,0,0,1,2
Rapperswil (BE),0,10,33,12,0,0,0,2,1,2
Schüpfen,0,2,28,3,0,1,0,28,2,2
Seedorf (BE),0,13,29,10,0,0,0,1,0,2
Aarwangen,0,2,79,24,1,1,0,0,0,2
Auswil,0,1,8,0,0,0,0,0,0,2
Bannwil,0,1,4,2,0,0,0,0,0,2
Bleienbach,0,0,2,5,0,0,0,0,0,2
Busswil bei Melchnau,0,1,1,1,0,0,0,0,0,2
Gondiswil,0,3,4,3,0,0,0,0,0,2
Langenthal,1,11,9,18,3,87,0,0,2,2
Lotzwil,0,1,0,3,0,35,0,0,0,2
Madiswil,0,7,29,21,0,0,0,1,1,2
Melchnau,0,3,6,7,0,2,0,6,0,2
Oeschenbach,0,0,2,0,0,0,0,0,0,2
Reisiswil,0,0,3,0,0,0,0,0,0,2
Roggwil (BE),0,2,33,19,0,0,0,0,2,2
Rohrbach,0,4,8,5,0,0,0,0,0,2
Rohrbachgraben,0,2,1,0,0,0,0,2,0,2
Rütschelen,0,1,7,3,0,0,0,0,0,2
Schwarzhäusern,0,1,5,2,0,0,0,0,0,2
Thunstetten,0,3,11,13,0,3,0,0,1,2
Ursenbach,0,2,6,0,0,0,0,0,0,2
Wynau,0,4,11,7,0,0,0,0,5,2
Bern,0,12,43,36,4,83,0,21,2,2
Bolligen,0,5,12,19,0,0,0,6,1,2
Bremgarten bei Bern,0,0,15,18,0,14,0,12,0,2
Kirchlindach,0,4,17,24,0,0,0,2,2,2
Köniz,1,15,96,82,0,39,0,47,4,2
Muri bei Bern,0,1,10,9,2,55,0,4,0,2
Oberbalm,1,3,4,3,0,0,0,3,0,2
Stettlen,0,0,16,16,0,2,0,1,2,2
Vechigen,0,3,34,41,0,0,0,0,0,2
Wohlen bei Bern,0,3,36,51,1,7,0,7,1,2
Zollikofen,1,0,25,19,1,64,0,2,2,2
Ittigen,0,1,13,6,0,27,0,0,1,2
Ostermundigen,0,1,21,9,0,28,0,15,5,2
Biel/Bienne,0,5,17,28,7,181,0,11,1,2
Evilard,0,0,4,4,0,14,0,0,0,2
Arch,0,3,6,5,0,8,0,0,0,2
Büetigen,0,0,18,8,0,0,0,3,0,2
Büren an der Aare,0,2,32,7,0,2,1,0,0,2
Diessbach bei Büren,0,0,7,12,0,0,0,0,0,2
Dotzigen,0,0,13,4,0,0,0,0,0,2
Lengnau (BE),0,0,10,11,0,34,0,2,0,2
Leuzigen,0,2,14,3,0,1,0,0,0,2
Meienried,0,0,1,0,0,0,0,0,0,2
Meinisberg,0,0,10,7,0,0,0,1,1,2
Oberwil bei Büren,0,2,20,4,0,1,0,1,0,2
Pieterlen,0,1,25,7,0,0,0,2,2,2
Rüti bei Büren,0,1,2,4,1,0,0,1,0,2
Wengi,0,0,3,3,0,0,0,0,0,2
Aefligen,0,0,3,5,0,28,0,0,0,2
Alchenstorf,0,0,2,2,0,0,0,3,0,2
Bäriswil,0,0,23,29,1,0,0,0,2,2
Burgdorf,0,1,3,15,0,79,0,3,0,2
Ersigen,0,3,7,6,1,4,0,0,1,2
Hasle bei Burgdorf,0,11,20,8,0,0,0,2,0,2
Heimiswil,0,4,6,1,0,0,0,0,0,2
Hellsau,0,0,4,0,0,0,0,1,1,2
Hindelbank,0,2,10,11,0,1,0,1,1,2
Höchstetten,0,1,1,3,0,0,0,0,0,2
Kernenried,0,0,9,5,0,0,0,0,0,2
Kirchberg (BE),0,5,23,26,0,59,0,5,1,2
Koppigen,0,1,16,12,0,0,0,0,1,2
Krauchthal,0,4,44,37,1,0,0,4,1,2
Lyssach,0,1,2,4,0,11,0,2,0,2
Oberburg,0,2,3,3,0,9,0,0,0,2
Rüdtligen-Alchenflüh,0,0,3,2,0,2,0,0,0,2
Rumendingen,0,0,0,0,0,0,0,0,0,2
Rüti bei Lyssach,0,1,0,1,0,0,0,0,0,2
Willadingen,0,0,2,1,0,0,0,0,0,2
Wynigen,0,10,4,17,0,0,0,0,2,2
Corgémont,0,1,10,5,0,0,0,1,0,2
Cormoret,0,9,1,0,0,0,0,0,0,2
Cortébert,0,1,9,0,0,0,0,0,0,2
Courtelary,0,1,1,2,0,0,0,1,0,2
La Ferrière,0,1,2,0,0,0,0,0,0,2
Mont-Tramelan,0,1,1,0,0,0,0,0,0,2
Orvin,0,2,6,2,0,0,0,0,0,2
Renan (BE),0,0,1,0,0,1,0,2,0,2
Romont (BE),0,0,2,1,0,0,0,0,0,2
Saint-Imier,0,0,14,3,1,15,0,0,0,2
Sonceboz-Sombeval,0,0,28,5,0,0,0,1,0,2
Sonvilier,0,2,17,0,0,0,0,0,0,2
Tramelan,0,3,30,5,0,0,0,0,0,2
Villeret,0,1,1,1,0,9,0,0,0,2
Sauge,1,0,9,4,0,0,0,0,3,2
Péry-La Heutte,0,1,24,4,0,0,0,1,0,2
Brüttelen,0,1,5,5,0,0,0,0,0,2
Erlach,0,2,18,11,1,1,1,0,0,2
Finsterhennen,0,0,4,3,0,0,0,0,0,2
Gals,1,0,8,8,0,0,0,3,0,2
Gampelen,0,3,9,3,0,0,0,0,0,2
Ins,0,1,23,14,0,36,0,1,0,2
Lüscherz,0,1,12,4,0,0,0,0,0,2
Müntschemier,0,0,14,6,0,0,0,0,0,2
Siselen,0,0,2,2,0,0,0,0,1,2
Treiten,0,0,4,2,0,0,0,0,0,2
Tschugg,0,1,1,2,0,1,0,0,0,2
Vinelz,0,1,19,14,0,0,0,2,4,2
Bätterkinden,0,2,15,8,0,30,0,0,0,2
Deisswil bei Münchenbuchsee,0,0,0,0,0,0,0,0,0,2
Fraubrunnen,0,5,58,38,2,0,0,4,2,2
Jegenstorf,1,2,32,33,0,2,0,12,0,2
Iffwil,0,2,3,1,0,0,0,0,0,2
Mattstetten,0,0,2,1,0,0,0,0,1,2
Moosseedorf,0,9,2,1,0,23,0,0,0,2
Münchenbuchsee,0,2,63,60,4,0,0,58,3,2
Urtenen-Schönbühl,0,0,5,5,0,25,0,7,0,2
Utzenstorf,0,3,12,6,0,59,0,0,1,2
Wiggiswil,0,0,0,0,0,0,0,0,0,2
Wiler bei Utzenstorf,0,1,3,8,0,0,0,0,0,2
Zielebach,0,0,8,1,0,0,0,0,0,2
Zuzwil (BE),0,0,6,2,0,0,0,1,0,2
Adelboden,3,16,73,2,1,0,0,1,0,2
Aeschi bei Spiez,0,8,14,6,0,0,0,0,0,2
Frutigen,0,13,61,11,0,0,0,5,3,2
Kandergrund,0,4,3,0,0,0,0,0,0,2
Kandersteg,0,1,17,1,0,0,0,2,0,2
Krattigen,0,5,6,2,0,0,0,0,0,2
Reichenbach im Kandertal,0,13,33,3,0,0,0,1,0,2
Beatenberg,0,1,9,8,1,0,0,0,0,2
Bönigen,0,1,21,4,0,3,0,0,0,2
Brienz (BE),0,17,35,11,0,1,0,1,5,2
Brienzwiler,0,3,4,0,0,0,0,0,0,2
Därligen,0,0,9,3,0,0,0,0,0,2
Grindelwald,0,62,64,4,3,0,1,2,6,2
Gsteigwiler,0,4,3,1,0,0,0,0,0,2
Gündlischwand,0,1,3,0,0,0,0,0,0,2
Habkern,0,8,4,1,0,0,0,0,0,2
Hofstetten bei Brienz,0,15,7,5,0,0,14,0,0,2
Interlaken,0,0,14,3,0,2,0,1,0,2
Iseltwald,0,1,5,0,0,0,1,0,0,2
Lauterbrunnen,0,53,23,2,0,2,0,0,2,2
Leissigen,0,3,16,10,0,0,0,0,0,2
Lütschental,0,0,2,0,0,0,0,0,0,2
Matten bei Interlaken,1,1,35,14,0,0,0,1,1,2
Niederried bei Interlaken,0,0,1,2,0,0,0,0,0,2
Oberried am Brienzersee,0,2,4,5,0,0,0,0,0,2
Ringgenberg (BE),0,5,35,20,0,1,0,1,2,2
Saxeten,0,0,3,0,0,0,0,0,1,2
Schwanden bei Brienz,0,1,7,0,0,0,0,0,0,2
Unterseen,0,0,65,39,2,9,0,2,2,2
Wilderswil,0,5,41,13,2,0,0,1,1,2
Arni (BE),0,5,8,0,0,0,0,0,0,2
Biglen,0,1,23,9,0,0,1,0,0,2
Bowil,0,9,7,5,0,0,0,0,0,2
Brenzikofen,0,1,1,2,0,0,0,0,0,2
Freimettigen,0,0,2,0,0,0,0,0,0,2
Grosshöchstetten,0,6,27,12,0,0,0,3,2,2
Häutligen,0,0,2,0,0,0,0,0,0,2
Herbligen,1,0,1,4,0,0,0,0,0,2
Kiesen,0,0,1,1,0,0,0,0,0,2
Konolfingen,0,6,17,9,0,0,0,0,0,2
Landiswil,0,6,0,3,0,0,0,0,0,2
Linden,0,6,7,9,0,0,0,0,0,2
Mirchel,0,2,7,3,0,0,0,0,0,2
Münsingen,1,8,49,97,0,1,0,21,1,2
Niederhünigen,0,3,7,0,0,0,0,0,0,2
Oberdiessbach,0,7,53,31,0,0,0,1,2,2
Oberthal,0,5,4,1,0,0,0,0,0,2
Oppligen,0,2,4,2,0,0,0,0,0,2
Rubigen,0,1,8,50,0,88,0,5,2,2
Walkringen,0,7,19,5,0,0,0,0,0,2
Worb,0,5,75,27,0,2,0,14,1,2
Zäziwil,0,2,18,5,1,0,0,0,0,2
Oberhünigen,0,2,1,1,0,0,0,0,0,2
Allmendingen,0,0,1,2,0,0,0,0,0,2
Wichtrach,0,4,51,12,0,0,0,0,0,2
Ferenbalm,0,3,29,15,0,0,0,0,0,2
Frauenkappelen,0,1,40,18,1,0,0,0,0,2
Gurbrü,0,0,1,7,0,0,0,0,0,2
Kriechenwil,0,2,1,2,0,0,0,1,0,2
Laupen,0,2,37,14,0,0,0,0,0,2
Mühleberg,0,2,36,9,0,1,0,2,1,2
Münchenwiler,0,1,10,4,0,0,0,0,0,2
Neuenegg,0,6,51,9,0,0,0,1,1,2
Wileroltigen,0,0,9,4,0,0,0,0,0,2
Belprahon,0,0,9,4,0,0,0,0,0,2
Champoz,0,1,2,0,0,0,0,0,0,2
Corcelles (BE),0,3,2,2,0,0,0,0,0,2
Court,0,1,11,1,0,0,0,0,1,2
Crémines,0,2,9,2,0,0,0,0,0,2
Eschert,0,0,1,0,0,0,0,0,0,2
Grandval,0,1,5,1,0,0,0,0,0,2
Loveresse,0,0,0,0,0,0,0,0,0,2
Perrefitte,0,0,4,2,0,0,0,0,0,2
Reconvilier,0,1,15,5,0,0,0,4,0,2
Roches (BE),0,0,1,0,0,0,0,0,1,2
Saicourt,0,1,5,0,0,0,0,0,0,2
Saules (BE),0,0,1,0,0,0,0,0,0,2
Schelten,0,0,0,0,0,0,0,0,0,2
Seehof,0,3,1,0,0,0,0,0,0,2
Sorvilier,0,1,1,0,0,0,0,0,0,2
Tavannes,0,1,32,13,0,0,0,0,0,2
Rebévelier,0,1,0,0,0,0,0,0,0,2
Petit-Val,0,3,2,1,0,0,0,0,0,2
Valbirse,0,1,35,11,0,0,0,0,0,2
La Neuveville,0,2,24,14,0,0,0,0,0,2
Nods,0,2,15,2,0,0,0,0,0,2
Plateau de Diesse,0,2,16,8,0,0,0,0,1,2
Aegerten,0,0,17,9,0,0,0,0,0,2
Bellmund,0,0,19,19,0,4,0,0,0,2
Brügg,0,1,10,8,0,0,0,0,0,2
Bühl,0,0,12,4,0,0,0,0,0,2
Epsach,0,0,2,0,0,0,0,0,0,2
Hagneck,0,0,5,9,0,0,0,0,0,2
Hermrigen,0,0,2,0,0,0,0,0,0,2
Jens,0,1,5,5,0,0,0,0,0,2
Ipsach,0,2,7,28,2,47,1,0,1,2
Ligerz,0,1,2,3,0,0,0,0,0,2
Merzligen,0,0,7,2,0,0,0,0,0,2
Mörigen,0,2,11,5,0,0,0,0,0,2
Nidau,0,0,7,1,0,26,0,2,0,2
Orpund,0,0,8,7,0,19,0,1,1,2
Port,0,0,10,12,0,3,0,17,0,2
Safnern,1,0,17,17,0,8,0,0,3,2
Scheuren,0,0,12,2,1,2,0,0,0,2
Schwadernau,0,0,3,1,0,0,0,0,0,2
Studen (BE),0,1,25,24,0,0,0,0,1,2
Sutz-Lattrigen,0,0,24,13,0,0,0,1,0,2
Täuffelen,0,0,13,21,0,0,0,0,2,2
Walperswil,0,2,17,3,0,0,0,0,1,2
Worben,0,1,18,12,0,2,0,0,1,2
Twann-Tüscherz,0,1,4,3,0,12,0,0,0,2
Därstetten,0,3,7,1,0,0,0,0,0,2
Diemtigen,0,6,10,0,0,0,0,1,0,2
Erlenbach im Simmental,0,5,7,7,0,0,0,5,0,2
Oberwil im Simmental,0,8,6,0,0,0,0,0,0,2
Reutigen,0,5,3,2,0,0,0,7,1,2
Spiez,0,17,98,46,0,0,0,2,2,2
Wimmis,0,2,16,10,0,0,0,16,0,2
Stocken-Höfen,0,4,14,2,0,0,0,0,1,2
Guttannen,0,1,3,0,0,0,0,0,0,2
Hasliberg,2,20,17,6,0,0,0,1,0,2
Innertkirchen,0,5,7,7,0,0,0,0,2,2
Meiringen,1,9,34,12,0,0,0,6,0,2
Schattenhalb,0,7,6,1,0,0,0,0,0,2
Boltigen,0,5,8,4,0,0,0,0,0,2
Lenk,0,9,39,10,0,0,0,0,2,2
St. Stephan,0,5,6,1,0,0,1,0,0,2
Zweisimmen,0,6,10,7,0,0,0,4,2,2
Gsteig,0,3,6,2,0,0,0,1,0,2
Lauenen,0,4,5,0,0,0,0,0,0,2
Saanen,1,18,61,15,0,10,0,6,0,2
Guggisberg,0,14,7,3,0,0,0,0,0,2
Rüschegg,0,7,7,7,0,1,0,6,1,2
Schwarzenburg,0,11,40,46,2,0,0,11,2,2
Belp,1,12,126,102,1,0,0,7,1,2
Burgistein,0,8,14,3,0,0,0,0,0,2
Gerzensee,0,0,9,8,0,0,0,0,0,2
Gurzelen,0,1,7,0,0,0,0,1,0,2
Jaberg,0,0,2,0,0,0,0,0,0,2
Kaufdorf,0,0,14,5,0,0,0,1,0,2
Kehrsatz,0,11,15,0,0,0,0,0,0,2
Kirchdorf (BE),0,4,9,12,0,0,0,0,0,2
Niedermuhlern,0,1,4,2,0,0,0,0,0,2
Riggisberg,0,9,28,11,0,0,0,0,0,2
Rüeggisberg,0,13,17,5,0,0,0,0,0,2
Seftigen,0,1,23,15,0,0,0,1,0,2
Toffen,0,1,27,22,0,0,0,0,0,2
Uttigen,0,0,25,11,0,0,0,0,0,2
Wattenwil,0,7,36,12,0,0,0,1,3,2
Wald (BE),0,3,14,4,0,0,0,0,0,2
Thurnen,1,2,11,9,0,0,0,0,0,2
Eggiwil,0,17,18,5,0,0,0,0,1,2
Langnau im Emmental,0,25,48,30,0,8,0,1,0,2
Lauperswil,0,7,29,8,0,0,0,3,1,2
Röthenbach im Emmental,0,8,4,2,1,0,0,0,0,2
Rüderswil,0,13,15,4,0,0,0,6,0,2
Schangnau,0,2,3,1,0,0,0,0,0,2
Signau,0,17,13,13,0,0,0,1,0,2
Trub,0,18,3,0,0,0,0,0,0,2
Trubschachen,0,10,10,0,0,0,0,0,0,2
Amsoldingen,0,4,8,5,0,0,0,0,0,2
Blumenstein,0,5,12,5,0,0,0,1,0,2
Buchholterberg,1,7,11,3,0,0,0,0,0,2
Eriz,1,4,3,1,0,0,0,0,0,2
Fahrni,0,7,6,5,0,0,0,0,0,2
Heiligenschwendi,0,2,5,1,0,0,0,0,0,2
Heimberg,0,0,78,39,0,1,0,0,0,2
Hilterfingen,0,3,22,14,0,18,0,0,1,2
Homberg,0,7,4,5,0,0,0,0,0,2
Horrenbach-Buchen,0,3,0,0,0,0,0,0,0,2
Oberhofen am Thunersee,0,1,14,16,2,24,0,0,0,2
Oberlangenegg,0,3,2,0,0,0,0,1,0,2
Pohlern,0,0,4,0,0,0,0,0,0,2
Sigriswil,0,17,39,22,0,0,0,0,1,2
Steffisburg,1,7,49,35,1,151,0,5,1,2
Teuffenthal (BE),0,0,2,1,0,0,0,0,0,2
Thierachern,0,2,31,5,0,0,0,0,0,2
Thun,1,3,61,52,0,343,0,4,3,2
Uebeschi,0,4,17,4,0,0,0,0,1,2
Uetendorf,0,24,51,28,0,0,0,14,0,2
Unterlangenegg,1,5,5,0,0,0,0,0,0,2
Wachseldorn,0,0,0,0,0,0,0,0,0,2
Forst-Längenbühl,1,4,8,0,0,0,0,0,0,2
Affoltern im Emmental,0,1,7,3,0,0,0,0,0,2
Dürrenroth,0,4,9,7,0,1,0,0,0,2
Eriswil,0,5,9,1,0,0,0,0,0,2
Huttwil,0,4,20,24,0,1,0,3,0,2
Lützelflüh,0,10,13,19,0,0,0,3,1,2
Rüegsau,0,17,19,9,0,0,0,0,0,2
Sumiswald,0,11,11,5,0,0,0,20,0,2
Trachselwald,0,15,1,2,0,0,0,0,0,2
Walterswil (BE),0,4,2,1,0,0,0,0,1,2
Wyssachen,0,3,6,4,0,0,0,0,0,2
Attiswil,1,0,18,5,0,0,0,0,0,2
Berken,0,0,0,0,0,0,0,0,0,2
Bettenhausen,0,1,6,7,0,0,0,0,1,2
Farnern,0,0,2,1,0,0,0,0,0,2
Graben,0,0,1,5,0,0,0,0,2,2
Heimenhausen,0,2,12,8,0,0,0,0,0,2
Herzogenbuchsee,0,4,17,26,0,53,0,0,1,2
Inkwil,0,1,4,0,0,0,0,0,0,2
Niederbipp,0,9,19,11,0,0,0,1,0,2
Niederönz,0,0,8,5,0,29,0,0,0,2
Oberbipp,0,2,18,11,0,1,0,0,0,2
Ochlenberg,0,3,2,0,0,0,0,0,0,2
Rumisberg,0,1,4,0,0,0,0,0,0,2
Seeberg,0,6,12,15,0,0,0,1,0,2
Thörigen,0,1,11,9,0,2,0,0,4,2
Walliswil bei Niederbipp,0,0,5,1,0,0,0,0,0,2
Walliswil bei Wangen,0,0,1,2,0,0,0,0,0,2
Wangen an der Aare,0,1,13,11,0,0,0,0,1,2
Wiedlisbach,0,0,19,4,0,0,0,0,1,2
Doppleschwand,0,5,7,7,0,0,0,0,4,3
Entlebuch,0,9,14,3,2,0,0,24,0,3
Flühli,0,12,11,6,0,0,0,0,4,3
Hasle (LU),0,11,24,12,0,0,0,0,0,3
Romoos,0,6,2,0,0,0,0,0,0,3
Schüpfheim,0,18,34,33,0,0,0,0,0,3
Werthenstein,0,13,13,5,0,0,0,22,0,3
Escholzmatt-Marbach,1,29,17,11,0,0,0,7,3,3
Aesch (LU),0,1,5,6,0,0,0,1,0,3
Ballwil,1,3,17,19,0,0,0,5,0,3
Emmen,0,8,116,94,6,54,0,18,0,3
Ermensee,0,4,2,5,0,0,0,1,0,3
Eschenbach (LU),0,2,18,29,0,0,0,13,1,3
Hitzkirch,0,19,52,42,0,1,0,14,2,3
Hochdorf,0,10,51,32,0,7,0,1,0,3
Hohenrain,0,5,26,22,1,0,0,0,1,3
Inwil,0,4,13,21,0,0,0,0,0,3
Rain,0,5,32,20,0,0,0,0,0,3
Römerswil,0,13,9,8,0,0,0,0,0,3
Rothenburg,1,5,16,36,0,31,0,0,0,3
Schongau,0,3,2,9,0,0,0,1,0,3
Adligenswil,0,7,32,47,0,1,0,3,1,3
Buchrain,0,2,21,66,0,0,0,10,0,3
Dierikon,0,1,7,3,0,0,0,1,1,3
Ebikon,0,16,47,33,15,32,0,4,13,3
Gisikon,0,0,8,3,0,0,0,0,0,3
Greppen,0,5,9,3,10,0,0,11,0,3
Horw,0,18,38,98,0,12,0,1,1,3
Kriens,0,8,37,37,5,91,1,1,0,3
Luzern,0,3,24,20,1,124,0,65,1,3
Malters,1,9,42,33,2,0,0,2,0,3
Meggen,0,1,29,53,0,48,0,0,0,3
Meierskappel,0,3,9,8,8,0,0,0,0,3
Root,0,0,20,16,0,1,0,18,3,3
Schwarzenberg,0,6,19,15,0,0,0,7,0,3
Udligenswil,0,6,12,21,0,0,1,0,0,3
Vitznau,0,1,1,5,0,0,0,1,1,3
Weggis,0,0,26,33,0,0,0,5,1,3
Beromünster,0,17,38,28,0,0,0,28,0,3
Büron,0,5,12,12,0,0,0,1,1,3
Buttisholz,0,12,22,33,0,0,0,9,0,3
Eich,0,0,21,43,0,0,0,1,0,3
Geuensee,0,2,11,17,0,0,0,0,1,3
Grosswangen,0,12,24,15,0,0,0,0,0,3
Hildisrieden,0,7,13,20,0,0,0,0,0,3
Knutwil,0,3,14,20,0,0,0,2,1,3
Mauensee,0,1,13,31,0,2,0,0,0,3
Neuenkirch,0,10,67,39,1,0,0,11,0,3
Nottwil,0,16,32,63,0,0,0,3,2,3
Oberkirch,0,3,21,37,1,1,1,25,1,3
Rickenbach (LU),0,5,17,26,0,0,0,0,0,3
Ruswil,0,19,36,41,0,4,0,1,1,3
Schenkon,0,0,30,44,0,3,0,0,1,3
Schlierbach,0,2,4,16,0,0,0,0,0,3
Sempach,0,2,36,58,0,1,0,0,1,3
Sursee,0,2,48,29,2,6,0,0,0,3
Triengen,0,12,26,33,0,0,0,1,0,3
Wolhusen,0,10,29,13,0,6,0,3,0,3
Alberswil,0,1,13,5,0,0,0,0,0,3
Altbüron,0,3,14,8,0,0,0,5,1,3
Altishofen,0,6,22,3,0,0,0,5,0,3
Dagmersellen,0,12,39,32,0,1,0,0,0,3
Egolzwil,0,4,29,18,0,0,0,0,0,3
Ettiswil,0,6,43,18,0,0,0,5,1,3
Fischbach,0,5,10,1,0,0,0,0,0,3
Grossdietwil,0,4,8,5,0,0,0,0,0,3
Hergiswil bei Willisau,0,15,6,3,0,0,0,3,0,3
Luthern,0,7,1,1,0,0,0,1,0,3
Menznau,0,7,21,9,0,0,0,0,0,3
Nebikon,0,2,19,15,0,0,0,0,1,3
Pfaffnau,0,4,6,16,0,2,0,3,0,3
Reiden,0,12,62,32,1,0,0,1,2,3
Roggliswil,0,1,7,4,2,0,0,0,0,3
Schötz,0,9,52,14,1,0,0,0,0,3
Ufhusen,0,5,3,3,0,0,0,1,0,3
Wauwil,0,4,9,12,0,0,0,1,1,3
Wikon,0,0,4,6,0,0,0,0,0,3
Zell (LU),0,9,15,16,0,0,0,0,0,3
Willisau,0,22,53,37,0,0,0,3,0,3
Altdorf (UR),0,10,27,36,7,0,0,6,3,4
Andermatt,0,1,9,1,0,0,0,5,0,4
Attinghausen,0,8,3,26,0,0,0,0,0,4
Bürglen (UR),0,26,21,39,0,0,0,0,1,4
Erstfeld,0,11,2,33,0,0,0,0,0,4
Flüelen,0,2,9,13,0,0,0,0,1,4
Göschenen,0,0,2,0,0,0,0,2,0,4
Gurtnellen,0,6,5,1,0,0,65,0,2,4
Hospental,0,1,2,0,0,0,0,0,0,4
Isenthal,0,13,0,0,0,0,1,0,0,4
Realp,0,0,4,0,0,0,0,0,0,4
Schattdorf,0,6,21,25,0,0,5,0,3,4
Seedorf (UR),0,6,21,19,0,0,0,0,0,4
Seelisberg,0,5,1,1,0,0,0,0,1,4
Silenen,0,10,17,8,0,0,0,0,2,4
Sisikon,0,0,5,0,0,0,0,0,0,4
Spiringen,0,22,12,5,0,0,2,0,1,4
Unterschächen,0,13,6,7,0,0,0,0,0,4
Wassen,0,4,0,0,0,0,0,0,0,4
Einsiedeln,1,25,158,74,0,6,0,6,3,5
Gersau,0,0,5,4,1,0,0,0,2,5
Feusisberg,0,4,74,46,0,7,0,0,0,5
Freienbach,0,7,23,27,0,134,0,2,4,5
Wollerau,0,1,26,45,0,71,0,0,1,5
Küssnacht (SZ),1,8,83,50,0,2,0,3,0,5
Altendorf,1,8,35,57,3,2,0,1,5,5
Galgenen,1,4,55,25,1,0,0,23,2,5
Innerthal,0,3,3,0,0,0,0,0,0,5
Lachen,0,2,44,19,1,1,0,1,1,5
Reichenburg,0,2,20,15,0,3,0,0,0,5
Schübelbach,1,9,62,47,0,1,0,0,1,5
Tuggen,0,6,28,46,0,0,0,0,2,5
Vorderthal,0,3,11,0,0,0,0,0,0,5
Wangen (SZ),3,2,31,70,0,1,0,10,0,5
Alpthal,0,5,14,1,1,0,0,0,1,5
Arth,0,21,106,58,0,2,0,9,2,5
Illgau,0,7,4,2,0,0,0,0,0,5
Ingenbohl,0,3,25,10,0,13,0,37,0,5
Lauerz,0,6,7,20,0,0,0,0,0,5
Morschach,0,2,9,0,0,0,0,0,1,5
Muotathal,0,29,9,6,0,0,0,30,0,5
Oberiberg,0,2,8,0,0,0,0,0,2,5
Riemenstalden,0,2,0,0,0,0,0,0,0,5
Rothenthurm,2,7,10,6,0,0,0,8,2,5
Sattel,0,4,10,1,0,0,0,5,0,5
Schwyz,0,25,145,20,0,12,1,19,2,5
Steinen,0,6,29,14,0,0,0,4,0,5
Steinerberg,1,6,8,6,0,0,0,0,0,5
Unteriberg,0,6,17,11,0,0,0,0,2,5
Alpnach,1,7,45,30,1,0,0,1,3,6
Engelberg,0,9,44,12,1,0,0,8,4,6
Giswil,0,5,7,15,0,0,0,4,2,6
Kerns,0,12,37,15,0,0,1,4,1,6
Lungern,0,5,9,7,0,0,0,0,0,6
Sachseln,0,8,14,20,0,0,0,20,1,6
Sarnen,0,12,33,79,1,0,0,8,4,6
Beckenried,0,3,29,26,0,1,0,0,2,7
Buochs,0,1,34,15,0,0,0,0,0,7
Dallenwil,0,3,12,2,0,0,0,0,0,7
Emmetten,0,0,11,7,1,0,0,1,0,7
Ennetbürgen,1,0,29,12,0,0,0,3,0,7
Ennetmoos,0,2,4,8,0,0,0,7,1,7
Hergiswil (NW),1,1,37,11,0,0,0,0,3,7
Oberdorf (NW),0,5,17,18,0,2,0,0,1,7
Stans,0,0,46,43,0,0,0,8,0,7
Stansstad,0,5,13,18,0,0,0,5,1,7
Wolfenschiessen,0,10,10,5,0,0,0,1,0,7
Glarus Nord,1,10,113,45,0,68,1,15,6,8
Glarus Süd,2,25,67,38,10,1,0,1,11,8
Glarus,0,16,34,29,0,33,0,0,1,8
Baar,0,5,40,18,0,126,0,0,1,9
Cham,0,3,28,56,0,50,0,15,0,9
Hünenberg,0,6,23,23,0,73,0,3,0,9
Menzingen,0,20,26,10,0,0,0,8,0,9
Neuheim,0,1,29,6,0,0,0,1,0,9
Oberägeri,0,13,57,22,0,0,0,0,0,9
Risch,0,4,24,45,0,66,0,4,0,9
Steinhausen,0,0,39,17,2,80,0,1,0,9
Unterägeri,2,8,54,5,0,0,0,7,27,9
Walchwil,1,4,24,22,0,0,0,0,0,9
Zug,0,3,43,15,0,55,0,20,2,9
Châtillon (FR),0,0,6,3,0,0,0,0,0,10
Cugy (FR),0,0,12,7,0,0,0,0,0,10
Gletterens,1,1,5,10,0,0,0,0,0,10
Lully (FR),0,1,14,5,0,0,0,0,0,10
Montagny (FR),0,0,21,14,0,0,0,0,0,10
Nuvilly,0,0,2,5,0,0,0,0,0,10
Prévondavaux,0,0,1,0,0,0,0,0,0,10
Saint-Aubin (FR),0,1,11,16,0,1,0,0,1,10
Sévaz,0,0,0,1,0,0,0,0,0,10
Surpierre,0,1,2,3,0,0,0,0,0,10
Vallon,0,0,0,1,0,0,0,0,0,10
Les Montets,0,1,10,6,0,0,0,1,0,10
Delley-Portalban,1,1,10,6,0,0,0,0,2,10
Belmont-Broye,0,2,34,42,0,1,0,0,2,10
Estavayer,1,2,64,77,0,4,0,0,2,10
Cheyres-Châbles,0,2,40,15,0,1,0,0,2,10
Billens-Hennens,0,1,8,9,0,0,0,0,0,10
Le Châtelard,0,1,0,1,0,0,0,0,0,10
Châtonnaye,0,0,11,9,0,0,0,0,0,10
Grangettes,0,0,2,1,0,0,0,0,0,10
Massonnens,0,1,0,1,0,0,0,0,0,10
Mézières (FR),0,0,10,8,0,0,0,0,0,10
Romont (FR),0,0,18,16,0,2,0,0,2,10
Rue,0,1,5,7,0,2,0,0,0,10
Siviriez,0,0,17,6,0,0,0,0,0,10
Ursy,1,3,31,26,0,0,0,0,0,10
Vuisternens-devant-Romont,0,2,13,9,0,0,0,0,0,10
Villorsonnens,0,2,7,12,0,0,0,0,0,10
Torny,0,1,6,7,0,0,0,0,0,10
Villaz,1,2,15,12,0,2,0,0,1,10
Haut-Intyamon,0,1,11,7,0,0,0,0,0,10
Pont-en-Ogoz,0,4,15,24,0,0,0,0,0,10
Botterens,0,0,3,3,0,0,0,0,0,10
Broc,0,0,19,9,0,0,0,2,0,10
Bulle,0,6,115,55,0,1,0,69,0,10
Châtel-sur-Montsalvens,0,0,1,3,0,0,0,0,0,10
Corbières,0,0,5,2,0,0,0,0,0,10
Crésuz,0,0,7,2,0,0,0,0,0,10
Echarlens,0,0,15,6,0,0,0,0,0,10
Grandvillard,0,0,8,3,0,0,0,0,0,10
Gruyères,0,1,12,13,0,0,0,6,2,10
Hauteville,0,1,11,5,0,6,0,0,0,10
Jaun,0,2,2,0,0,0,0,0,0,10
Marsens,0,1,18,19,0,0,0,2,0,10
Morlon,1,1,10,4,0,0,0,0,0,10
Le Pâquier (FR),0,1,21,6,1,0,0,0,1,10
Pont-la-Ville,0,0,6,4,0,0,0,0,0,10
Riaz,0,1,31,26,0,0,0,0,0,10
La Roche,0,2,15,13,0,0,0,0,1,10
Sâles,0,0,13,8,0,0,0,0,1,10
Sorens,0,1,10,9,0,0,0,0,0,10
Vaulruz,0,1,11,8,0,0,0,0,0,10
Vuadens,1,2,14,13,0,0,0,0,0,10
Bas-Intyamon,0,3,8,5,0,0,0,0,1,10
Val-de-Charmey,1,4,23,6,0,0,0,8,0,10
Autigny,0,0,5,8,0,0,0,1,0,10
Avry,0,0,23,24,0,0,0,0,1,10
Belfaux,0,0,15,14,0,0,0,2,0,10
Chénens,0,0,14,16,0,0,0,0,0,10
Corminboeuf,0,0,14,15,1,0,0,2,2,10
Cottens (FR),0,0,13,8,0,0,0,0,0,10
Ferpicloz,0,0,1,2,0,0,0,0,0,10
Fribourg,0,0,18,38,6,101,0,5,1,10
Givisiez,0,0,1,0,0,11,0,0,0,10
Granges-Paccot,0,0,6,8,0,9,0,1,0,10
Marly,0,1,24,46,0,16,0,2,0,10
Matran,0,0,9,5,0,11,0,0,0,10
Neyruz (FR),0,1,31,28,0,0,0,0,2,10
Pierrafortscha,0,0,2,0,0,0,0,0,0,10
Le Mouret,2,0,41,42,0,0,0,3,0,10
Treyvaux,0,3,7,12,0,0,0,0,0,10
Villars-sur-Glâne,0,0,2,23,0,79,0,14,0,10
Villarsel-sur-Marly,0,0,0,1,0,0,0,0,0,10
Hauterive (FR),0,1,19,26,0,1,0,1,0,10
La Brillaz,0,0,21,15,0,0,0,0,0,10
La Sonnaz,0,2,14,23,1,5,0,0,0,10
Gibloux,1,6,78,83,0,0,0,1,0,10
Prez,0,0,27,17,0,0,0,0,0,10
Bois-d'Amont,0,1,22,17,0,0,0,0,0,10
Courgevaux,0,0,10,10,0,0,0,0,0,10
Courtepin,0,1,37,67,0,0,0,0,2,10
Cressier (FR),0,0,18,16,0,0,0,0,0,10
Fräschels,0,1,11,16,0,0,0,0,0,10
Greng,0,0,5,0,0,0,0,0,3,10
Gurmels,1,3,40,71,0,0,0,8,0,10
Kerzers,0,24,40,37,0,2,0,0,0,10
Kleinbösingen,0,0,3,13,0,0,0,0,0,10
Meyriez,0,4,23,33,0,0,0,1,0,10
Misery-Courtion,0,0,17,11,0,0,0,1,0,10
Muntelier,0,0,2,8,0,1,0,0,0,10
Murten,1,6,66,76,0,0,0,15,0,10
Ried bei Kerzers,0,3,7,12,0,0,0,0,0,10
Mont-Vully,0,2,37,64,0,0,0,1,1,10
Brünisried,0,1,7,12,0,0,0,0,0,10
Düdingen,0,2,14,85,0,0,1,3,0,10
Giffers,0,0,7,22,0,0,0,1,0,10
Bösingen,0,1,18,31,0,0,0,0,1,10
Heitenried,0,1,2,30,0,0,0,0,0,10
Plaffeien,1,8,17,43,0,1,0,4,1,10
Plasselb,0,2,7,11,0,0,0,0,1,10
Rechthalten,0,1,3,24,0,0,0,1,0,10
St. Silvester,0,0,9,7,0,0,0,0,0,10
St. Ursen,0,5,0,13,0,0,0,0,0,10
Schmitten (FR),0,5,20,122,0,1,0,0,0,10
Tafers,1,7,28,119,0,0,0,7,2,10
Tentlingen,0,1,6,19,0,0,0,0,0,10
Ueberstorf,0,7,4,26,0,0,0,0,2,10
Wünnewil-Flamatt,0,3,23,45,4,1,0,4,1,10
Attalens,0,0,19,21,0,0,0,0,1,10
Bossonnens,0,0,9,7,0,0,0,1,0,10
Châtel-Saint-Denis,0,5,38,33,1,1,0,1,3,10
Granges (Veveyse),0,0,4,3,0,0,0,0,0,10
Remaufens,0,1,4,4,0,1,0,0,0,10
Saint-Martin (FR),0,1,10,3,0,0,0,0,0,10
Semsales,0,2,12,7,1,0,1,0,0,10
Le Flon,0,0,4,8,0,0,0,0,1,10
La Verrerie,0,1,9,5,0,0,0,1,0,10
Egerkingen,0,0,18,31,1,27,0,0,0,11
Härkingen,0,0,9,13,1,5,0,0,0,11
Kestenholz,0,0,21,23,0,0,0,0,0,11
Neuendorf,0,0,32,14,0,0,0,0,1,11
Niederbuchsiten,0,2,8,6,0,6,0,0,0,11
Oberbuchsiten,0,1,12,9,0,11,0,0,0,11
Oensingen,0,2,18,25,0,6,0,0,0,11
Wolfwil,0,2,5,25,0,1,0,0,1,11
Aedermannsdorf,0,1,8,1,0,0,0,0,0,11
Balsthal,0,2,43,20,1,2,1,0,3,11
Herbetswil,0,2,4,2,0,0,0,2,0,11
Holderbank (SO),0,1,6,1,0,0,0,0,0,11
Laupersdorf,0,2,24,8,0,0,0,2,0,11
Matzendorf,0,1,15,8,0,0,0,0,0,11
Mümliswil-Ramiswil,0,2,22,6,0,0,0,0,0,11
Welschenrohr-Gänsbrunnen,1,0,9,3,0,0,0,0,0,11
Biezwil,1,3,15,5,0,0,0,0,0,11
Lüterkofen-Ichertswil,0,3,8,2,0,0,0,0,0,11
Messen,0,0,20,13,0,0,0,6,0,11
Schnottwil,0,0,21,13,0,0,0,1,0,11
Unterramsern,0,0,1,0,0,0,0,0,0,11
Lüsslingen-Nennigkofen,1,1,6,7,0,0,0,0,1,11
Buchegg,0,11,23,15,0,5,0,3,0,11
Bättwil,0,7,40,14,0,0,0,1,1,11
Büren (SO),0,5,15,20,0,0,0,0,1,11
Dornach,0,0,7,11,0,63,0,8,0,11
Gempen,1,4,15,7,0,0,0,0,0,11
Hochwald,0,5,19,14,0,0,0,0,0,11
Hofstetten-Flüh,0,3,51,39,0,0,0,0,1,11
Metzerlen-Mariastein,0,1,12,17,1,0,0,0,1,11
Nuglar-St. Pantaleon,2,5,28,14,0,0,1,0,1,11
Rodersdorf,0,7,23,16,0,0,0,0,0,11
Seewen,0,3,19,10,0,0,0,0,0,11
Witterswil,0,1,24,28,0,0,0,0,0,11
Hauenstein-Ifenthal,0,1,3,2,0,0,0,0,1,11
Kienberg,0,1,6,4,0,0,0,0,0,11
Lostorf,3,3,58,65,0,3,0,0,2,11
Niedergösgen,0,1,36,20,0,1,0,5,0,11
Obergösgen,0,3,4,17,0,11,0,0,1,11
Stüsslingen,0,1,9,5,0,0,0,0,1,11
Trimbach,0,0,6,12,0,21,0,10,2,11
Winznau,0,0,10,16,0,1,0,0,0,11
Wisen (SO),0,1,4,8,0,0,0,0,1,11
Erlinsbach (SO),0,34,25,30,0,2,0,0,1,11
Aeschi (SO),0,1,4,5,0,0,0,0,0,11
Biberist,0,3,15,19,1,64,0,1,0,11
Bolken,0,0,20,7,0,0,0,0,1,11
Deitingen,0,1,2,6,0,28,0,1,0,11
Derendingen,3,0,6,7,0,126,0,0,0,11
Etziken,0,1,1,5,0,7,0,0,0,11
Gerlafingen,0,0,2,5,1,28,0,0,0,11
Horriwil,0,3,11,2,0,1,0,0,0,11
Hüniken,0,0,0,2,0,0,0,0,0,11
Kriegstetten,0,0,22,9,0,0,0,0,1,11
Lohn-Ammannsegg,0,1,29,39,0,0,0,0,1,11
Luterbach,0,0,6,5,0,35,0,1,3,11
Obergerlafingen,0,1,3,4,0,27,0,1,0,11
Recherswil,0,1,0,4,0,15,0,0,0,11
Subingen,0,0,20,23,0,33,0,1,1,11
Zuchwil,0,1,5,8,0,47,0,0,0,11
Drei Höfe,0,1,4,4,0,0,0,0,0,11
Balm bei Günsberg,0,0,2,3,0,0,0,0,0,11
Bellach,0,1,2,6,0,51,0,1,1,11
Bettlach,0,3,8,14,0,69,0,0,1,11
Feldbrunnen-St. Niklaus,0,0,5,2,0,24,0,0,0,11
Flumenthal,0,0,12,5,0,0,0,0,0,11
Grenchen,0,1,2,8,1,112,0,1,0,11
Günsberg,0,1,7,14,0,0,0,0,0,11
Hubersdorf,0,0,9,12,0,0,0,0,0,11
Kammersrohr,0,0,0,0,0,0,0,0,0,11
Langendorf,0,0,1,6,0,25,0,0,0,11
Lommiswil,0,13,1,3,0,2,0,0,0,11
Oberdorf (SO),0,2,2,13,0,22,0,1,0,11
Riedholz,0,1,13,9,0,0,0,0,2,11
Rüttenen,0,2,2,2,2,23,0,0,1,11
Selzach,1,1,5,7,0,22,0,0,0,11
Boningen,0,3,4,2,0,0,0,0,0,11
Däniken,0,1,7,23,0,29,0,0,0,11
Dulliken,0,1,9,11,3,9,0,0,2,11
Eppenberg-Wöschnau,0,0,0,2,0,0,0,0,0,11
Fulenbach,0,2,5,12,0,0,0,0,0,11
Gretzenbach,0,1,20,9,0,1,0,1,2,11
Gunzgen,0,1,26,21,1,0,0,0,0,11
Hägendorf,0,24,22,34,1,9,0,0,5,11
Kappel (SO),0,2,37,41,2,13,0,0,2,11
Olten,0,0,1,5,0,46,0,0,0,11
Rickenbach (SO),0,0,8,10,0,0,0,0,0,11
Schönenwerd,0,0,13,9,0,0,0,0,0,11
Starrkirch-Wil,0,1,6,16,0,31,0,0,0,11
Walterswil (SO),0,1,7,1,0,2,0,0,0,11
Wangen bei Olten,0,0,17,30,0,47,0,0,0,11
Solothurn,0,0,7,17,4,61,0,2,0,11
Bärschwil,0,2,15,3,0,0,0,0,0,11
Beinwil (SO),0,2,2,0,0,0,0,0,0,11
Breitenbach,0,2,29,27,0,9,0,0,2,11
Büsserach,0,4,31,23,0,2,0,0,0,11
Erschwil,0,0,13,11,0,0,0,0,0,11
Fehren,0,1,7,14,0,1,0,0,0,11
Grindel,0,1,7,3,0,0,0,0,0,11
Himmelried,0,9,18,10,0,0,0,0,1,11
Kleinlützel,0,4,16,3,0,0,0,0,1,11
Meltingen,0,0,13,1,0,0,0,0,0,11
Nunningen,0,1,34,22,0,0,0,0,0,11
Zullwil,0,0,8,5,0,0,0,0,0,11
Basel,0,0,9,5,0,51,0,87,0,12
Bettingen,0,0,0,7,0,8,0,0,0,12
Riehen,0,1,6,29,0,67,0,25,0,12
Aesch (BL),0,1,8,8,0,51,1,21,0,13
Allschwil,0,0,2,7,0,64,0,0,0,13
Arlesheim,0,0,6,19,0,51,0,109,0,13
Biel-Benken,0,3,76,37,0,0,0,3,1,13
Binningen,0,1,8,10,0,71,0,19,0,13
Birsfelden,0,0,0,0,0,6,0,19,0,13
Bottmingen,0,1,4,9,0,86,0,1,0,13
Ettingen,0,1,32,21,0,46,0,0,0,13
Münchenstein,0,1,12,21,0,40,0,17,0,13
Muttenz,0,1,9,25,0,197,0,2,0,13
Oberwil (BL),0,1,11,41,0,112,0,44,1,13
Pfeffingen,0,2,15,27,0,61,0,0,2,13
Reinach (BL),0,3,17,7,0,162,0,137,1,13
Schönenbuch,0,1,3,15,0,53,0,0,0,13
Therwil,0,0,31,51,2,253,0,9,0,13
Blauen,0,1,11,8,0,0,0,0,1,13
Brislach,0,2,18,16,0,0,0,12,0,13
Burg im Leimental,0,0,3,3,0,0,0,0,0,13
Dittingen,0,0,5,2,0,0,0,3,0,13
Duggingen,0,0,25,5,0,5,0,0,0,13
Grellingen,0,0,17,8,0,0,0,0,0,13
Laufen,0,1,20,23,0,9,0,0,1,13
Liesberg,0,1,11,12,0,0,0,0,0,13
Nenzlingen,0,0,8,4,0,0,0,0,0,13
Roggenburg,0,0,6,0,0,0,0,0,0,13
Röschenz,0,0,28,28,0,0,0,0,2,13
Wahlen,0,2,28,13,0,0,0,0,1,13
Zwingen,0,1,14,11,0,0,0,32,1,13
Arisdorf,0,1,31,14,0,0,0,1,0,13
Augst,0,2,1,0,0,11,0,0,0,13
Bubendorf,0,4,51,53,0,0,0,31,0,13
Frenkendorf,0,0,5,7,1,65,0,17,0,13
Füllinsdorf,0,1,26,6,0,29,0,8,0,13
Giebenach,0,0,13,11,0,0,0,3,0,13
Hersberg,0,1,3,4,0,0,0,0,0,13
Lausen,0,0,0,1,0,26,0,61,0,13
Liestal,0,1,5,15,1,173,0,28,0,13
Lupsingen,0,1,35,28,1,1,0,4,1,13
Pratteln,0,0,11,13,0,61,0,22,0,13
Ramlinsburg,0,2,21,33,0,1,0,0,0,13
Seltisberg,0,1,11,27,0,1,0,1,0,13
Ziefen,0,6,10,9,0,0,0,2,0,13
Anwil,0,3,6,7,0,0,0,2,0,13
Böckten,0,0,6,23,0,0,0,0,1,13
Buckten,0,1,5,4,0,0,0,0,0,13
Buus,0,5,13,24,1,0,0,0,0,13
Diepflingen,0,1,11,6,0,0,0,0,0,13
Gelterkinden,0,3,42,41,0,0,0,16,1,13
Häfelfingen,0,0,0,2,0,0,0,0,0,13
Hemmiken,0,0,0,2,0,0,0,0,0,13
Itingen,0,0,30,8,0,4,0,6,0,13
Känerkinden,0,1,3,7,0,0,0,0,0,13
Kilchberg (BL),0,1,1,2,0,0,0,0,0,13
Läufelfingen,0,1,12,18,0,0,0,0,0,13
Maisprach,0,1,13,11,0,0,0,2,0,13
Nusshof,0,1,2,8,0,0,0,0,0,13
Oltingen,0,1,1,1,0,0,0,0,0,13
Ormalingen,0,3,20,7,0,0,0,7,0,13
Rickenbach (BL),0,2,1,6,0,0,0,0,0,13
Rothenfluh,0,0,6,5,0,0,0,0,0,13
Rümlingen,0,1,2,1,0,0,0,0,0,13
Rünenberg,0,1,10,10,0,0,0,0,0,13
Sissach,0,5,40,22,0,0,0,7,3,13
Tecknau,0,0,8,9,0,0,0,19,0,13
Tenniken,0,0,10,10,0,0,0,0,0,13
Thürnen,0,2,26,33,0,0,0,0,1,13
Wenslingen,0,1,6,2,0,0,0,7,0,13
Wintersingen,0,2,11,13,0,0,0,0,1,13
Wittinsburg,0,1,2,12,0,0,0,0,0,13
Zeglingen,0,0,3,1,0,0,0,2,0,13
Zunzgen,0,3,20,12,0,0,0,1,0,13
Arboldswil,0,3,8,5,0,0,0,0,0,13
Bennwil,0,0,1,7,0,0,0,10,0,13
Bretzwil,0,1,7,7,0,0,0,0,0,13
Diegten,0,8,36,23,0,0,0,1,0,13
Eptingen,0,2,2,1,0,0,0,0,1,13
Hölstein,0,2,22,26,0,0,0,7,0,13
Lampenberg,0,1,3,4,0,0,0,0,0,13
Langenbruck,0,3,7,3,0,0,0,1,0,13
Lauwil,0,0,0,3,0,0,0,0,0,13
Liedertswil,0,0,2,5,0,0,0,0,0,13
Niederdorf,0,3,22,12,0,0,0,0,0,13
Oberdorf (BL),0,0,17,10,0,0,1,16,0,13
Reigoldswil,0,8,6,10,0,0,0,9,0,13
Titterten,0,2,5,5,0,0,0,2,0,13
Waldenburg,0,0,2,9,0,0,0,0,0,13
Gächlingen,0,1,8,8,0,0,0,2,0,14
Löhningen,0,0,13,27,0,3,0,1,0,14
Neunkirch,0,1,10,12,0,0,0,0,0,14
Büttenhardt,0,1,4,2,0,0,0,0,0,14
Dörflingen,0,2,7,8,0,0,0,20,0,14
Lohn (SH),0,0,18,2,0,0,0,5,0,14
Stetten (SH),0,0,23,16,0,0,0,0,1,14
Thayngen,0,2,18,29,0,23,0,9,1,14
Bargen (SH),0,0,4,0,0,0,0,0,0,14
Beringen,0,3,34,30,0,19,0,1,1,14
Buchberg,0,3,3,26,0,0,0,0,1,14
Merishausen,0,3,6,4,0,0,0,0,0,14
Neuhausen am Rheinfall,0,1,0,5,0,16,0,2,0,14
Rüdlingen,0,0,6,8,0,0,0,0,2,14
Schaffhausen,0,3,8,32,0,150,0,20,0,14
Beggingen,0,1,4,0,0,0,0,2,0,14
Schleitheim,0,3,8,10,0,0,0,11,0,14
Siblingen,0,0,3,1,0,0,0,2,1,14
Buch (SH),0,0,0,2,0,0,0,2,0,14
Hemishofen,0,0,7,15,0,0,0,1,1,14
Ramsen,0,1,14,13,0,2,0,0,0,14
Stein am Rhein,0,0,4,2,1,30,0,3,1,14
Hallau,0,6,21,9,0,0,0,7,0,14
Oberhallau,0,0,3,3,0,0,0,1,0,14
Trasadingen,0,0,3,2,0,0,0,0,0,14
Wilchingen,0,2,11,8,0,0,0,4,2,14
Herisau,2,10,16,22,0,126,0,1,0,15
Hundwil,0,2,0,2,0,0,0,0,0,15
Schönengrund,0,2,3,2,0,0,0,2,0,15
Schwellbrunn,0,5,9,6,0,0,0,0,0,15
Stein (AR),0,3,12,7,0,1,0,0,0,15
Urnäsch,0,7,13,9,0,0,0,3,0,15
Waldstatt,0,1,1,4,0,22,0,1,0,15
Bühler,0,1,7,10,0,0,0,0,0,15
Gais,0,7,18,9,0,0,0,3,0,15
Speicher,0,3,32,17,0,0,0,3,1,15
Teufen (AR),0,7,47,54,0,0,0,0,0,15
Trogen,0,6,1,10,0,0,0,0,1,15
Grub (AR),0,2,3,1,0,7,0,0,0,15
Heiden,0,2,3,11,0,19,0,3,0,15
Lutzenberg,0,1,2,2,0,13,0,0,0,15
Rehetobel,0,3,2,2,0,10,0,0,0,15
Reute (AR),0,5,2,1,0,5,0,0,0,15
Wald (AR),0,1,0,1,0,2,0,0,0,15
Walzenhausen,1,2,10,4,0,5,0,0,0,15
Wolfhalden,0,2,3,3,0,7,0,0,1,15
Appenzell,0,2,32,20,0,1,0,3,1,16
Gonten,0,4,4,1,0,0,0,0,1,16
Schlatt-Haslen,0,1,4,2,0,0,0,1,0,16
Oberegg,0,4,5,2,0,9,0,0,0,16
Schwende-Rüte,0,10,58,46,0,1,0,1,1,16
Häggenschwil,1,2,19,23,0,0,0,0,0,17
Muolen,0,0,11,8,0,0,0,9,0,17
St. Gallen,1,1,20,88,0,111,0,41,0,17
Wittenbach,0,2,48,41,0,0,1,28,0,17
Berg (SG),0,0,12,4,0,0,0,0,0,17
Eggersriet,1,3,7,12,0,27,0,0,0,17
Goldach,0,0,6,9,0,39,0,2,0,17
Mörschwil,0,2,28,52,0,0,0,0,1,17
Rorschach,0,0,10,5,0,12,0,0,0,17
Rorschacherberg,1,1,13,14,1,53,0,1,0,17
Steinach,0,3,20,12,0,10,0,12,0,17
Tübach,0,1,11,4,0,0,1,0,0,17
Untereggen,0,2,28,26,0,0,0,0,0,17
Au (SG),0,1,28,31,0,59,0,1,0,17
Balgach,2,4,14,14,1,40,12,0,1,17
Berneck,0,1,8,11,0,29,0,0,0,17
Diepoldsau,0,6,82,57,0,6,0,7,1,17
Rheineck,0,1,3,5,0,31,0,0,0,17
St. Margrethen,1,3,13,9,0,22,0,0,0,17
Thal,1,2,11,31,1,94,0,0,3,17
Widnau,0,2,29,55,0,95,0,0,0,17
Altstätten,1,18,78,54,8,50,0,10,0,17
Eichberg,0,5,26,9,0,0,0,0,0,17
Marbach (SG),0,4,8,21,0,13,0,0,0,17
Oberriet (SG),9,20,101,45,4,56,0,0,1,17
Rebstein,2,1,16,14,0,43,0,3,0,17
Rüthi (SG),0,7,29,11,0,1,1,0,0,17
Buchs (SG),3,2,36,20,4,8,0,20,1,17
Gams,1,12,32,22,0,1,0,5,1,17
Grabs,0,19,29,28,0,3,0,40,0,17
Sennwald,1,8,30,30,0,0,0,0,1,17
Sevelen,0,5,19,28,0,0,0,0,1,17
Wartau,1,3,18,19,0,26,0,5,0,17
Bad Ragaz,0,1,27,18,0,0,0,4,0,17
Flums,0,10,49,14,0,0,0,0,1,17
Mels,5,9,67,21,0,39,0,15,1,17
Pfäfers,0,12,17,8,0,0,0,0,0,17
Quarten,0,2,29,12,0,0,0,0,3,17
Sargans,1,3,14,19,0,7,0,0,0,17
Vilters-Wangs,1,8,16,22,1,18,0,0,0,17
Walenstadt,2,5,47,28,1,0,0,1,1,17
Amden,0,1,22,10,0,0,0,2,1,17
Benken (SG),0,10,14,12,0,0,0,0,2,17
Kaltbrunn,1,6,9,11,0,26,0,1,0,17
Schänis,2,12,12,16,0,0,1,3,2,17
Weesen,0,0,18,3,0,0,0,2,0,17
Schmerikon,0,1,6,2,1,26,0,0,1,17
Uznach,0,1,7,36,0,69,0,6,0,17
Rapperswil-Jona,1,1,19,100,0,192,0,0,1,17
Gommiswald,0,10,22,79,0,0,0,9,4,17
Eschenbach (SG),1,21,59,66,1,33,0,2,5,17
Ebnat-Kappel,0,4,7,17,0,36,0,1,0,17
Wildhaus-Alt St. Johann,0,10,45,7,1,0,0,2,0,17
Nesslau,0,15,24,13,0,0,0,4,0,17
Lichtensteig,0,1,3,4,0,12,0,0,0,17
Wattwil,0,4,5,20,1,45,0,6,0,17
Kirchberg (SG),1,16,16,13,0,68,0,5,1,17
Lütisburg,0,6,8,9,0,4,0,0,0,17
Mosnang,0,30,20,24,0,0,0,0,1,17
Bütschwil-Ganterschwil,0,6,10,19,0,31,0,1,1,17
Neckertal,1,21,31,30,0,0,0,3,6,17
Degersheim,1,4,3,12,0,29,0,2,1,17
Flawil,0,4,9,9,1,78,0,0,1,17
Jonschwil,0,3,23,37,0,54,0,0,0,17
Oberuzwil,0,3,15,31,0,27,0,0,0,17
Uzwil,2,5,17,27,0,128,0,0,0,17
Niederbüren,0,1,8,15,0,0,0,6,0,17
Niederhelfenschwil,0,5,7,15,0,65,0,7,0,17
Oberbüren,0,4,33,40,0,15,0,1,0,17
Zuzwil (SG),1,1,9,27,0,92,0,0,1,17
Wil (SG),0,4,17,21,0,122,0,0,1,17
Andwil (SG),0,2,35,22,0,0,0,0,0,17
Gaiserwald,0,5,48,72,0,7,0,0,2,17
Gossau (SG),1,4,13,48,1,127,0,3,0,17
Waldkirch,0,4,29,40,0,0,0,0,1,17
Vaz/Obervaz,3,2,57,25,0,0,0,0,25,18
Lantsch/Lenz,0,1,7,7,0,0,0,0,4,18
Schmitten (GR),1,0,0,1,0,0,0,0,0,18
Albula/Alvra,0,13,10,9,0,0,0,0,5,18
Surses,0,13,23,17,1,0,0,1,7,18
Bergün Filisur,0,4,8,9,1,0,0,0,2,18
Brusio,0,6,1,1,0,0,0,0,6,18
Poschiavo,0,20,15,14,0,0,0,0,9,18
Falera,0,1,25,10,0,0,0,0,0,18
Laax,1,2,28,7,0,0,0,0,4,18
Sagogn,1,3,8,3,0,0,0,0,1,18
Schluein,0,3,12,3,0,0,0,0,0,18
Vals,0,2,4,6,0,0,0,1,16,18
Lumnezia,3,22,21,24,0,0,0,0,1,18
Ilanz/Glion,2,9,45,20,1,1,1,1,5,18
Fürstenau,0,2,3,6,0,0,0,0,0,18
Rothenbrunnen,1,1,3,5,0,0,0,0,0,18
Scharans,0,4,1,13,1,0,0,0,0,18
Sils im Domleschg,0,2,2,19,0,0,0,1,1,18
Cazis,0,17,14,30,0,0,1,1,2,18
Flerden,1,1,2,1,0,0,0,0,0,18
Masein,0,1,0,10,0,0,0,0,0,18
Thusis,0,2,4,10,0,0,0,0,0,18
Tschappina,0,4,0,0,0,0,0,0,1,18
Urmein,0,1,3,1,0,0,0,0,3,18
Safiental,0,10,5,6,0,0,0,0,1,18
Domleschg,0,9,5,29,1,0,0,0,1,18
Avers,0,0,3,0,0,1,0,0,1,18
Sufers,1,1,0,2,0,0,0,0,0,18
Andeer,0,5,2,9,0,0,0,0,2,18
Rongellen,0,0,0,0,0,0,0,0,0,18
Zillis-Reischen,0,1,1,4,0,0,0,0,0,18
Ferrera,0,2,0,1,0,0,0,0,0,18
Rheinwald,0,9,2,8,0,0,0,0,3,18
Muntogna da Schons,1,11,0,8,0,0,0,0,2,18
Bonaduz,0,0,41,28,0,0,0,0,0,18
Domat/Ems,1,3,54,46,0,2,0,0,1,18
Rhäzüns,0,1,12,16,0,0,0,0,0,18
Felsberg,0,1,21,16,0,0,0,0,0,18
Flims,0,7,49,19,0,0,0,2,2,18
Tamins,1,2,2,7,0,0,0,0,0,18
Trin,1,3,12,5,0,0,0,0,0,18
Zernez,0,3,1,2,0,0,0,0,2,18
Samnaun,0,0,31,2,0,0,0,3,0,18
Scuol,2,12,21,31,0,0,0,0,29,18
Valsot,0,2,0,1,0,0,0,0,0,18
Bever,0,4,15,3,0,0,0,0,0,18
Celerina/Schlarigna,0,0,18,4,0,0,0,1,6,18
Madulain,0,2,10,1,0,0,0,0,0,18
Pontresina,0,0,29,4,0,0,0,0,0,18
La Punt Chamues-ch,0,1,8,2,0,0,2,0,1,18
Samedan,0,4,16,2,0,0,0,0,3,18
St. Moritz,0,0,24,0,0,0,0,0,0,18
S-chanf,0,2,6,1,0,0,0,0,0,18
Sils im Engadin/Segl,0,0,8,2,0,0,0,0,0,18
Silvaplana,0,0,21,2,0,0,0,0,0,18
Zuoz,0,0,18,2,0,0,0,2,0,18
Bregaglia,0,16,1,10,0,0,0,0,30,18
Buseno,0,2,1,0,0,0,0,0,2,18
Castaneda,0,1,0,0,0,0,0,0,6,18
Rossa,0,41,1,1,1,0,0,0,1,18
Santa Maria in Calanca,0,9,1,0,0,0,0,0,4,18
Lostallo,0,1,2,1,0,0,0,0,13,18
Mesocco,0,2,6,1,0,0,0,0,36,18
Soazza,0,0,1,3,0,0,0,0,5,18
Cama,0,1,2,0,0,0,0,0,21,18
Grono,1,5,16,4,0,0,0,0,9,18
Roveredo (GR),0,3,22,11,1,0,0,0,9,18
San Vittore,0,10,6,2,0,0,0,0,6,18
Calanca,0,17,0,0,2,1,0,0,7,18
Val Müstair,0,8,22,14,1,0,0,0,1,18
Davos,0,8,54,10,0,0,1,0,2,18
Fideris,0,5,4,11,0,1,0,0,0,18
Furna,0,2,1,0,0,0,0,0,0,18
Jenaz,0,4,8,4,0,0,0,0,0,18
Klosters,0,20,51,24,7,0,0,0,5,18
Conters im Prättigau,0,1,2,1,0,0,0,0,0,18
Küblis,0,0,11,9,0,0,0,0,0,18
Luzein,3,24,16,12,0,0,0,0,4,18
Chur,0,13,15,24,0,134,0,0,0,18
Churwalden,0,2,33,9,0,0,0,0,2,18
Arosa,0,21,34,7,0,0,1,0,7,18
Trimmis,3,5,27,22,0,0,0,0,0,18
Untervaz,1,0,43,19,0,0,0,0,0,18
Zizers,0,2,35,15,0,0,0,0,1,18
Fläsch,0,2,7,7,0,0,0,1,0,18
Jenins,1,1,12,3,0,0,0,0,0,18
Maienfeld,2,4,22,41,0,0,0,1,1,18
Malans,2,2,23,18,0,0,0,1,1,18
Landquart,1,2,21,34,0,20,0,0,0,18
Grüsch,0,7,18,10,0,0,0,0,1,18
Schiers,0,12,33,9,0,0,0,1,0,18
Seewis im Prättigau,2,8,26,12,0,0,0,0,0,18
Breil/Brigels,2,11,23,10,0,0,0,6,1,18
Disentis/Mustér,4,21,14,15,1,0,1,0,0,18
Medel (Lucmagn),0,10,0,1,0,0,0,0,2,18
Sumvitg,2,7,3,11,3,0,0,0,2,18
Tujetsch,0,1,8,19,1,0,0,0,6,18
Trun,0,7,4,18,0,0,0,1,0,18
Obersaxen Mundaun,0,5,26,14,0,0,1,0,7,18
Aarau,0,6,38,19,0,53,0,3,1,19
Biberstein,0,3,13,13,0,0,0,0,1,19
Buchs (AG),0,0,2,18,0,61,0,0,0,19
Densbüren,0,4,6,9,0,1,0,0,1,19
Erlinsbach (AG),0,2,19,44,0,9,0,0,2,19
Gränichen,0,2,30,34,0,35,0,2,3,19
Hirschthal,0,1,18,29,0,0,0,1,2,19
Küttigen,0,6,35,61,0,3,0,27,7,19
Muhen,0,1,24,53,0,21,0,0,1,19
Oberentfelden,0,1,7,11,3,63,0,1,3,19
Suhr,0,4,12,20,0,154,0,1,2,19
Unterentfelden,1,1,4,15,0,34,0,0,0,19
Baden,0,0,12,16,0,110,0,12,0,19
Bellikon,0,0,23,29,0,1,0,0,1,19
Bergdietikon,0,1,17,26,0,0,0,0,0,19
Birmenstorf (AG),0,0,26,22,0,0,0,0,0,19
Ennetbaden,0,0,6,13,0,18,0,1,0,19
Fislisbach,0,1,67,54,0,6,0,0,0,19
Freienwil,0,0,28,11,0,0,0,1,1,19
Gebenstorf,0,1,3,4,0,33,0,0,0,19
Killwangen,0,1,4,3,0,1,0,2,0,19
Künten,0,0,10,6,0,0,0,0,1,19
Mägenwil,0,2,1,11,0,34,0,0,0,19
Mellingen,0,3,62,22,0,0,0,0,1,19
Neuenhof,0,0,6,6,0,24,0,1,0,19
Niederrohrdorf,0,0,22,14,0,0,0,9,0,19
Oberrohrdorf,1,0,46,20,1,0,0,0,0,19
Obersiggenthal,0,3,23,33,0,11,0,21,1,19
Remetschwil,0,5,41,54,0,2,0,0,3,19
Spreitenbach,0,0,9,12,0,110,0,0,0,19
Stetten (AG),0,0,8,5,0,3,0,0,0,19
Untersiggenthal,0,0,33,30,0,19,0,95,1,19
Wettingen,0,0,33,48,13,56,0,3,1,19
Wohlenschwil,1,3,13,15,0,0,0,0,0,19
Würenlingen,0,1,3,13,0,0,0,59,0,19
Würenlos,0,1,68,43,0,0,0,0,3,19
Ehrendingen,0,1,60,29,0,0,0,0,0,19
Arni (AG),0,1,33,11,0,0,0,0,1,19
Berikon,0,0,59,36,0,0,0,0,0,19
Bremgarten (AG),0,1,57,41,0,0,0,14,1,19
Büttikon,0,1,2,4,0,2,0,0,0,19
Dottikon,0,0,22,11,0,0,0,8,3,19
Eggenwil,0,0,16,3,0,0,0,0,0,19
Fischbach-Göslikon,0,2,35,13,0,0,0,0,4,19
Hägglingen,0,0,25,18,1,0,0,0,1,19
Jonen,0,1,21,62,0,0,0,0,2,19
Niederwil (AG),0,1,46,12,0,7,0,0,2,19
Oberlunkhofen,0,1,24,25,0,0,0,16,0,19
Oberwil-Lieli,0,0,16,43,0,0,0,0,1,19
Rudolfstetten-Friedlisberg,0,1,15,20,0,0,0,0,0,19
Sarmenstorf,1,3,47,26,0,0,0,0,1,19
Tägerig,0,0,16,3,0,0,0,1,0,19
Uezwil,0,1,12,6,0,0,0,0,0,19
Unterlunkhofen,0,2,59,10,0,0,0,2,0,19
Villmergen,2,1,34,15,0,94,0,1,2,19
Widen,0,1,20,20,1,0,0,0,0,19
Wohlen (AG),0,1,21,33,0,180,0,4,0,19
Zufikon,0,0,12,37,0,0,0,1,1,19
Islisberg,0,0,16,13,0,0,0,1,0,19
Auenstein,0,1,21,10,0,0,0,0,2,19
Birr,0,1,10,5,0,67,0,0,0,19
Birrhard,0,0,11,8,0,1,0,0,1,19
Brugg,0,0,7,6,0,96,0,0,0,19
Habsburg,1,0,8,3,0,0,0,0,0,19
Hausen (AG),0,0,4,10,0,87,0,0,1,19
Lupfig,0,0,9,10,0,64,0,2,1,19
Mandach,0,0,1,0,0,0,0,0,0,19
Mönthal,0,2,1,1,0,0,0,0,0,19
Mülligen,0,0,4,2,0,10,0,0,0,19
Remigen,0,1,5,3,0,0,0,0,0,19
Riniken,0,0,5,3,0,0,0,8,0,19
Rüfenach,0,3,1,9,0,2,0,11,0,19
Thalheim (AG),0,0,12,8,0,0,0,0,0,19
Veltheim (AG),0,2,37,11,0,0,0,0,1,19
Villigen,0,1,1,2,0,1,0,17,0,19
Windisch,0,0,10,11,0,55,0,1,1,19
Bözberg,0,3,30,22,0,0,0,0,0,19
Schinznach,0,3,22,38,0,0,0,0,0,19
Beinwil am See,0,2,18,35,0,1,0,0,0,19
Birrwil,0,1,4,8,0,0,0,0,1,19
Dürrenäsch,0,6,6,8,0,0,0,0,0,19
Gontenschwil,0,1,22,7,0,0,0,0,0,19
Holziken,0,1,0,15,0,0,0,0,0,19
Leimbach (AG),0,0,5,5,0,0,0,0,1,19
Leutwil,0,1,4,5,0,0,0,0,1,19
Menziken,0,1,55,24,0,2,0,1,1,19
Oberkulm,0,1,12,9,0,0,0,0,0,19
Reinach (AG),0,3,47,22,0,0,0,0,1,19
Schlossrued,0,2,4,3,0,0,0,0,0,19
Schmiedrued,0,2,8,12,0,0,0,0,1,19
Schöftland,0,4,27,48,0,0,0,0,4,19
Teufenthal (AG),0,2,13,4,0,1,0,0,5,19
Unterkulm,1,4,20,7,0,2,0,0,1,19
Zetzwil,0,1,16,16,0,0,0,0,1,19
Eiken,0,1,27,40,2,0,0,2,1,19
Frick,0,5,36,41,0,1,0,0,2,19
Gansingen,0,0,18,9,0,0,0,0,1,19
Gipf-Oberfrick,0,3,21,59,0,1,0,0,0,19
Kaisten,0,0,34,50,1,0,0,0,2,19
Laufenburg,0,5,17,29,0,1,0,0,2,19
Münchwilen (AG),0,0,1,12,0,0,0,0,0,19
Oberhof,0,1,3,9,0,0,0,0,0,19
Oeschgen,0,1,7,16,0,0,0,0,0,19
Schwaderloch,0,1,5,8,0,0,0,0,0,19
Sisseln,0,0,9,34,0,0,0,0,1,19
Wittnau,0,0,8,25,0,0,0,3,1,19
Wölflinswil,0,1,9,7,0,0,0,0,0,19
Zeihen,0,6,10,16,0,0,0,0,0,19
Mettauertal,0,5,19,16,0,0,0,1,0,19
Böztal,0,3,21,24,0,0,0,0,3,19
Herznach-Ueken,2,3,23,32,0,0,0,0,1,19
Ammerswil,0,1,17,34,0,0,0,3,0,19
Boniswil,0,2,17,18,0,0,0,0,2,19
Brunegg,0,0,3,1,0,13,0,0,1,19
Dintikon,0,0,13,13,0,12,0,0,0,19
Egliswil,0,3,10,8,1,15,0,5,2,19
Fahrwangen,0,1,9,11,0,0,0,0,0,19
Hallwil,0,0,5,4,0,4,0,0,0,19
Hendschiken,0,0,13,12,0,0,0,0,0,19
Holderbank (AG),0,0,4,3,0,1,0,0,0,19
Hunzenschwil,0,0,8,7,0,38,0,0,1,19
Lenzburg,0,0,3,10,0,56,0,1,1,19
Meisterschwanden,1,2,34,43,1,0,0,0,1,19
Möriken-Wildegg,0,0,5,17,0,43,0,1,1,19
Niederlenz,1,0,5,3,0,32,0,0,0,19
Othmarsingen,0,0,9,4,0,21,0,0,1,19
Rupperswil,0,3,15,34,0,46,0,0,6,19
Schafisheim,0,2,18,46,0,8,0,0,3,19
Seengen,0,1,10,38,0,35,0,0,2,19
Seon,0,4,33,24,0,1,0,3,4,19
Staufen,0,1,1,10,0,37,0,0,0,19
Abtwil,0,3,14,15,0,0,0,0,0,19
Aristau,0,2,18,20,0,0,0,0,0,19
Auw,0,2,18,20,1,0,0,3,1,19
Beinwil (Freiamt),0,1,13,4,0,0,0,0,1,19
Besenbüren,0,3,11,18,0,0,0,0,0,19
Bettwil,0,1,2,4,0,0,0,0,1,19
Boswil,0,1,24,13,0,0,0,0,0,19
Bünzen,0,1,8,11,0,0,0,0,0,19
Buttwil,0,1,15,20,0,0,0,0,0,19
Dietwil,0,2,1,7,0,0,0,0,0,19
Geltwil,0,0,0,2,0,0,0,0,0,19
Kallern,0,0,3,2,0,0,0,0,0,19
Merenschwand,0,2,26,61,0,0,0,0,4,19
Mühlau,0,1,18,8,0,0,0,0,0,19
Muri (AG),0,2,27,33,1,0,0,59,0,19
Oberrüti,2,0,28,24,0,3,0,0,0,19
Rottenschwil,0,1,13,4,0,0,0,1,0,19
Sins,0,3,8,15,0,16,0,33,0,19
Waltenschwil,0,0,13,19,0,27,0,4,0,19
Hellikon,1,3,6,9,0,0,0,0,0,19
Kaiseraugst,0,1,6,10,1,63,0,32,0,19
Magden,0,0,42,65,0,0,0,1,3,19
Möhlin,0,8,51,74,0,1,0,36,3,19
Mumpf,0,0,37,13,0,0,0,0,0,19
Obermumpf,0,3,7,8,0,0,0,0,1,19
Olsberg,0,0,5,10,0,0,0,0,2,19
Rheinfelden,0,3,3,9,0,67,0,4,42,19
Schupfart,0,1,13,20,0,0,0,0,1,19
Stein (AG),0,0,1,6,0,29,0,0,0,19
Wallbach,0,0,4,46,0,13,0,0,3,19
Wegenstetten,0,1,11,13,0,0,0,0,2,19
Zeiningen,0,3,9,44,0,0,0,0,3,19
Zuzgen,0,2,1,28,0,1,0,0,1,19
Aarburg,0,1,9,28,0,58,0,0,1,19
Bottenwil,0,2,6,6,0,0,0,0,0,19
Brittnau,1,0,16,25,0,23,0,0,3,19
Kirchleerau,0,1,2,2,0,7,0,0,0,19
Kölliken,0,1,11,16,0,37,0,4,2,19
Moosleerau,0,4,6,8,0,0,0,0,5,19
Murgenthal,0,2,14,11,0,0,0,0,0,19
Oftringen,0,2,13,43,6,97,0,1,0,19
Reitnau,0,8,30,9,0,0,0,0,2,19
Rothrist,0,1,54,72,3,0,0,0,4,19
Safenwil,0,0,19,32,0,8,0,1,1,19
Staffelbach,0,1,7,6,0,12,0,4,0,19
Strengelbach,0,2,21,18,0,47,0,0,1,19
Uerkheim,0,2,6,13,0,0,0,1,2,19
Vordemwald,0,2,22,8,0,1,0,0,0,19
Wiliberg,0,0,1,4,0,0,0,0,0,19
Zofingen,0,0,8,13,4,30,0,1,1,19
Böttstein,0,1,9,21,0,0,0,42,2,19
Döttingen,0,1,22,13,0,0,0,6,0,19
Endingen,2,3,6,14,0,0,0,32,1,19
Fisibach,0,3,2,4,0,0,0,0,0,19
Full-Reuenthal,0,1,13,7,0,0,0,0,1,19
Klingnau,0,3,6,9,1,0,0,37,0,19
Koblenz,0,0,14,5,0,0,0,0,0,19
Leibstadt,0,1,1,14,0,0,0,0,0,19
Lengnau (AG),0,1,29,29,0,0,0,1,3,19
Leuggern,1,8,26,25,0,0,0,12,4,19
Mellikon,0,0,0,0,0,0,0,0,0,19
Schneisingen,0,0,22,13,0,0,0,1,0,19
Siglistorf,0,0,4,1,0,0,0,0,0,19
Tegerfelden,0,2,8,9,0,2,0,0,0,19
Zurzach,4,5,30,22,0,0,1,0,9,19
Arbon,0,1,16,37,9,51,0,44,0,20
Dozwil,0,1,2,3,0,4,0,0,0,20
Egnach,0,5,6,28,0,36,0,0,0,20
Hefenhofen,0,2,6,10,0,14,0,0,0,20
Horn,0,1,0,5,0,16,0,8,0,20
Kesswil,0,3,3,2,0,17,0,0,0,20
Roggwil (TG),0,4,38,18,0,7,0,9,0,20
Romanshorn,0,1,3,18,0,57,0,1,1,20
Salmsach,0,1,5,7,0,23,0,0,1,20
Sommeri,0,1,6,4,0,0,0,0,0,20
Uttwil,0,0,9,10,0,28,0,0,0,20
Amriswil,0,9,17,25,1,103,0,9,0,20
Bischofszell,0,2,23,12,3,32,0,0,0,20
Erlen,0,1,18,14,0,38,0,0,1,20
Hauptwil-Gottshaus,0,1,20,9,0,18,0,0,1,20
Hohentannen,0,5,14,1,0,0,0,2,0,20
Kradolf-Schönenberg,0,7,9,5,0,15,0,7,0,20
Sulgen,0,1,6,7,0,37,0,0,0,20
Zihlschlacht-Sitterdorf,0,2,8,10,0,16,0,1,0,20
Basadingen-Schlattingen,0,1,13,22,0,0,0,0,0,20
Diessenhofen,0,0,8,8,0,9,0,2,1,20
Schlatt (TG),1,0,19,28,0,5,0,0,0,20
Aadorf,0,9,19,28,0,105,0,15,0,20
Felben-Wellhausen,0,1,69,26,0,2,0,9,0,20
Frauenfeld,0,5,14,47,0,284,0,6,0,20
Gachnang,0,0,44,30,0,65,0,0,0,20
Hüttlingen,0,0,4,5,0,0,0,2,0,20
Matzingen,1,1,1,6,0,50,0,0,0,20
Neunforn,0,2,7,16,0,0,0,0,0,20
Stettfurt,0,0,3,12,1,35,0,0,0,20
Thundorf,0,3,16,15,0,0,0,2,0,20
Uesslingen-Buch,0,5,6,12,0,0,0,1,0,20
Warth-Weiningen,0,3,20,13,0,13,0,0,0,20
Altnau,0,0,7,6,0,51,0,0,0,20
Bottighofen,0,1,5,18,0,48,0,0,1,20
Ermatingen,0,2,6,17,0,30,0,1,0,20
Gottlieben,0,0,0,3,0,3,0,0,0,20
Güttingen,0,2,8,5,0,13,0,0,0,20
Kemmental,0,2,24,16,0,0,0,0,0,20
Kreuzlingen,0,3,18,28,1,102,0,0,0,20
Langrickenbach,0,0,8,5,0,0,0,0,0,20
Lengwil,0,3,12,12,0,0,0,0,1,20
Münsterlingen,0,5,13,11,0,40,0,2,0,20
Tägerwilen,0,2,6,22,0,37,0,2,0,20
Wäldi,0,0,24,4,0,0,0,5,0,20
Affeltrangen,0,4,19,18,0,16,0,3,0,20
Bettwiesen,0,0,3,5,0,5,0,0,0,20
Bichelsee-Balterswil,0,5,22,10,0,14,0,13,0,20
Braunau,0,3,12,0,0,0,0,0,0,20
Eschlikon,0,4,11,13,0,80,0,1,0,20
Fischingen,0,6,30,6,0,0,0,6,0,20
Lommis,0,4,22,18,0,0,0,0,0,20
Münchwilen (TG),0,0,11,14,0,63,0,2,0,20
Rickenbach (TG),0,2,5,1,0,10,0,0,0,20
Schönholzerswilen,0,2,3,1,0,0,0,0,0,20
Sirnach,0,4,7,26,0,106,0,0,0,20
Tobel-Tägerschen,0,0,6,6,0,10,0,0,0,20
Wängi,0,4,21,24,0,51,0,2,2,20
Wilen (TG),0,0,1,11,0,40,0,0,0,20
Wuppenau,1,2,8,4,0,0,0,0,0,20
Berlingen,0,2,3,0,0,15,0,0,0,20
Eschenz,0,1,6,7,0,16,0,4,0,20
Herdern,0,4,12,10,0,0,0,4,0,20
Homburg,0,6,7,7,0,0,0,7,0,20
Hüttwilen,0,1,5,11,0,9,0,1,0,20
Mammern,0,0,4,2,0,4,0,1,0,20
Müllheim,0,1,7,15,0,55,0,0,0,20
Pfyn,0,1,16,16,0,19,0,1,0,20
Raperswilen,0,0,2,1,0,0,0,0,0,20
Salenstein,1,2,10,6,0,11,0,0,0,20
Steckborn,0,2,6,5,1,27,0,0,1,20
Wagenhausen,0,0,11,5,0,7,0,11,0,20
Amlikon-Bissegg,0,2,13,13,0,1,0,0,0,20
Berg (TG),0,5,12,21,0,42,0,2,0,20
Birwinken,0,4,26,7,0,0,0,0,0,20
Bürglen (TG),0,2,7,5,0,18,0,0,0,20
Bussnang,0,6,7,6,0,14,0,0,0,20
Märstetten,0,5,11,15,0,26,0,0,0,20
Weinfelden,0,0,11,25,0,71,0,4,0,20
Wigoltingen,0,2,8,2,0,25,0,0,1,20
Arbedo-Castione,0,1,15,6,0,0,0,0,0,21
Bellinzona,2,33,292,86,0,17,1,21,20,21
Cadenazzo,0,4,17,2,0,1,0,0,1,21
Isone,0,1,2,0,0,0,0,0,0,21
Lumino,0,1,8,9,0,0,0,0,1,21
Sant'Antonino,0,1,37,8,0,2,0,0,1,21
Acquarossa,0,7,13,3,0,2,0,0,17,21
Blenio,0,12,9,3,0,4,0,3,5,21
Serravalle,0,2,20,3,0,3,1,2,4,21
Airolo,0,1,23,0,0,2,0,1,2,21
Bedretto,0,0,0,0,0,1,0,0,2,21
Dalpe,0,3,3,0,0,0,0,0,4,21
Faido,0,6,40,1,0,2,1,0,6,21
Giornico,0,0,4,2,0,0,0,0,0,21
Personico,0,0,1,1,0,0,0,1,1,21
Pollegio,1,0,5,3,0,0,0,0,0,21
Quinto,0,4,7,3,0,4,0,1,1,21
Ascona,0,3,26,11,0,6,0,2,5,21
Brione sopra Minusio,0,0,9,4,0,0,0,0,0,21
Brissago,0,4,9,11,0,1,1,2,4,21
Gordola,0,3,17,19,0,1,0,0,2,21
Lavertezzo,0,0,6,10,0,1,0,0,0,21
Locarno,0,0,15,12,0,0,0,1,1,21
Losone,0,2,39,19,0,0,0,6,3,21
Mergoscia,0,0,1,0,0,0,0,0,0,21
Minusio,0,2,21,10,0,2,0,2,1,21
Muralto,0,1,2,1,0,1,0,0,0,21
Orselina,0,0,3,2,0,0,0,0,1,21
Ronco sopra Ascona,0,1,3,7,0,0,0,0,1,21
Tenero-Contra,1,5,7,3,0,5,1,0,0,21
Onsernone,0,2,1,0,0,1,2,0,1,21
Cugnasco-Gerra,1,4,59,22,0,4,1,1,10,21
Agno,0,0,17,3,0,3,0,3,0,21
Aranno,0,1,4,0,0,3,0,0,1,21
Arogno,0,0,11,6,0,2,0,0,1,21
Bedano,0,2,28,11,0,2,0,0,3,21
Bioggio,0,1,9,7,0,8,0,0,0,21
Bissone,0,0,2,0,0,0,0,1,0,21
Brusino Arsizio,0,2,3,1,0,0,0,0,1,21
Cademario,0,0,7,0,0,0,0,0,0,21
Cadempino,0,2,3,2,0,10,0,0,1,21
Canobbio,0,0,7,3,0,9,0,0,2,21
Caslano,0,4,22,3,0,4,0,4,0,21
Comano,0,4,7,6,0,10,0,0,1,21
Cureglia,0,1,4,8,0,9,0,0,0,21
Grancia,0,1,0,1,0,3,0,0,0,21
Gravesano,0,1,5,0,0,2,0,0,4,21
Lamone,0,0,3,1,0,2,0,0,0,21
Lugano,1,19,98,39,1,131,6,13,13,21
Magliaso,0,0,15,3,0,1,0,0,1,21
Manno,0,0,1,1,0,7,0,0,0,21
Massagno,0,0,0,0,0,4,0,0,0,21
Melide,0,1,2,1,0,0,0,0,1,21
Mezzovico-Vira,0,3,15,5,0,0,0,0,3,21
Morcote,0,0,3,1,0,1,0,0,0,21
Muzzano,0,0,3,1,0,5,0,0,0,21
Neggio,0,0,0,0,0,0,0,0,0,21
Origlio,0,1,3,2,0,1,0,0,0,21
Paradiso,0,0,1,0,0,2,0,0,0,21
Ponte Capriasca,0,2,15,5,0,0,0,0,1,21
Porza,0,0,8,12,0,16,1,0,4,21
Pura,0,0,11,4,0,0,0,0,0,21
Savosa,0,0,1,2,0,1,0,0,0,21
Sorengo,0,0,0,1,0,11,0,0,0,21
Capriasca,0,6,46,39,0,4,2,2,7,21
Torricella-Taverne,0,0,11,6,0,1,0,0,1,21
Vernate,0,0,7,0,0,0,0,0,0,21
Vezia,0,0,2,2,0,5,0,0,1,21
Vico Morcote,0,2,6,4,0,0,0,0,0,21
Collina d'Oro,0,2,13,12,0,22,0,0,0,21
Alto Malcantone,0,2,6,8,0,1,0,0,1,21
Monteceneri,1,10,33,12,0,1,0,0,2,21
Tresa,0,0,15,10,0,2,0,0,1,21
Val Mara,0,0,28,5,0,1,0,2,0,21
Balerna,0,0,2,1,0,10,0,0,0,21
Castel San Pietro,0,0,13,4,0,1,0,0,0,21
Chiasso,0,0,13,4,0,11,0,0,0,21
Coldrerio,0,2,6,7,0,11,0,0,0,21
Mendrisio,1,2,55,26,0,36,1,0,1,21
Morbio Inferiore,0,1,9,11,0,20,0,0,0,21
Novazzano,0,0,5,3,0,13,0,0,0,21
Riva San Vitale,0,2,13,17,0,12,0,0,2,21
Stabio,0,1,20,4,0,39,0,0,0,21
Vacallo,0,0,0,5,0,17,0,0,1,21
Breggia,0,2,28,6,0,1,0,0,2,21
Biasca,1,2,12,3,0,2,0,0,3,21
Riviera,0,4,30,11,0,2,0,0,11,21
Bosco/Gurin,0,2,0,0,0,0,1,0,1,21
Campo (Vallemaggia),0,1,0,0,0,0,1,0,1,21
Cerentino,0,0,0,0,0,1,0,0,0,21
Cevio,0,1,7,2,1,2,0,0,0,21
Linescio,0,0,0,0,0,0,0,0,0,21
Maggia,0,1,25,6,0,0,0,0,1,21
Lavizzara,0,2,0,0,0,1,0,0,1,21
Avegno Gordevio,0,0,15,4,0,0,0,0,4,21
Terre di Pedemonte,0,4,22,15,1,3,1,0,5,21
Centovalli,0,2,1,4,0,0,0,3,4,21
Gambarogno,0,5,80,37,0,4,1,3,7,21
Verzasca,0,5,9,7,0,0,0,0,3,21
Aigle,1,1,4,3,0,25,0,1,0,22
Bex,0,5,5,4,0,16,0,0,1,22
Chessel,0,0,1,2,0,0,1,0,0,22
Corbeyrier,0,1,0,0,0,0,0,0,0,22
Gryon,1,2,10,4,0,1,0,0,1,22
Lavey-Morcles,0,0,0,0,0,2,0,0,0,22
Leysin,0,2,1,1,0,7,0,0,0,22
Noville,0,0,5,3,0,1,0,0,0,22
Ollon,0,3,13,13,0,87,0,0,0,22
Ormont-Dessous,0,3,5,1,0,0,0,0,0,22
Ormont-Dessus,0,2,19,3,0,1,0,0,1,22
Rennaz,0,0,3,0,0,1,0,0,0,22
Roche (VD),0,0,1,0,0,1,0,0,0,22
Villeneuve (VD),0,0,2,0,0,24,0,0,0,22
Yvorne,0,0,4,0,0,2,0,0,0,22
Aubonne,0,0,6,4,0,21,0,0,0,22
Ballens,0,0,2,0,0,0,0,0,0,22
Berolle,0,0,1,0,0,1,0,0,0,22
Bière,0,0,1,3,0,4,0,1,0,22
Bougy-Villars,0,0,6,0,0,0,0,0,0,22
Féchy,0,0,2,2,0,3,0,0,0,22
Gimel,0,0,3,5,0,6,0,0,0,22
Longirod,0,0,0,2,0,0,0,0,0,22
Marchissy,0,0,0,1,0,0,0,0,0,22
Mollens (VD),0,0,1,0,0,0,0,0,0,22
Saint-George,0,0,6,3,0,0,0,0,0,22
Saint-Livres,0,0,1,0,0,9,0,0,0,22
Saint-Oyens,0,0,1,4,0,0,0,0,1,22
Saubraz,0,0,0,0,0,0,0,0,0,22
Avenches,0,1,7,8,0,0,0,6,1,22
Cudrefin,0,0,5,6,0,0,0,0,1,22
Faoug,0,0,1,2,0,0,0,0,1,22
Vully-les-Lacs,0,6,47,14,1,0,0,0,0,22
Bettens,0,0,1,2,0,12,0,0,0,22
Bournens,0,0,0,2,0,2,0,0,0,22
Boussens,0,0,1,2,0,19,0,0,0,22
La Chaux (Cossonay),0,0,0,0,0,2,0,0,0,22
Chavannes-le-Veyron,0,0,0,0,0,1,0,0,0,22
Chevilly,0,1,0,0,0,0,0,0,0,22
Cossonay,0,0,5,19,0,46,0,0,0,22
Cuarnens,0,0,0,0,0,1,0,0,0,22
Daillens,0,1,2,3,0,0,0,0,0,22
Dizy,0,0,0,0,0,2,0,0,0,22
Eclépens,0,0,0,1,1,0,0,15,0,22
Ferreyres,0,0,0,1,0,3,0,0,0,22
Gollion,0,0,1,1,0,4,0,0,0,22
Grancy,0,0,0,0,0,1,0,0,1,22
L'Isle,0,0,1,0,0,1,0,0,0,22
Lussery-Villars,0,0,0,1,0,1,0,0,0,22
Mauraz,0,0,0,0,0,1,0,0,0,22
Mex (VD),0,0,0,0,0,4,0,0,0,22
Moiry,0,1,0,0,0,0,0,0,0,22
Mont-la-Ville,0,2,1,0,0,0,0,0,0,22
Montricher,0,1,2,2,0,0,0,0,0,22
Orny,0,0,3,8,0,0,0,0,0,22
Penthalaz,0,0,0,7,0,13,0,0,0,22
Penthaz,0,0,2,2,0,7,0,0,0,22
Pompaples,0,0,4,0,0,0,0,0,1,22
La Sarraz,0,0,0,2,0,6,0,0,0,22
Senarclens,0,0,1,1,0,2,1,0,0,22
Sullens,0,0,2,3,0,10,0,0,0,22
Vufflens-la-Ville,0,0,0,2,0,0,0,0,0,22
Assens,0,0,3,6,0,13,0,0,0,22
Bercher,0,0,6,4,0,2,0,0,1,22
Bottens,0,0,4,1,0,8,0,0,0,22
Bretigny-sur-Morrens,0,0,4,4,0,1,0,0,0,22
Cugy (VD),0,0,10,9,0,12,0,6,0,22
Echallens,0,1,4,20,0,93,0,0,0,22
Essertines-sur-Yverdon,0,0,3,2,0,0,0,0,0,22
Etagnières,0,0,0,5,0,6,0,0,0,22
Fey,0,0,2,3,0,0,0,0,0,22
Froideville,1,1,3,11,0,16,0,0,0,22
Morrens (VD),0,0,4,5,0,2,0,0,1,22
Oulens-sous-Echallens,0,0,3,1,0,0,0,0,0,22
Pailly,0,0,5,1,0,1,1,0,0,22
Penthéréaz,0,0,2,1,0,1,0,0,0,22
Poliez-Pittet,0,0,2,2,0,3,0,0,0,22
Rueyres,0,0,1,2,0,2,0,0,0,22
Saint-Barthélemy (VD),0,0,0,2,0,13,0,0,0,22
Villars-le-Terroir,0,1,3,3,0,2,0,0,0,22
Vuarrens,0,0,1,1,0,2,0,0,0,22
Montilliez,0,1,18,7,0,3,0,0,1,22
Goumoëns,0,0,3,8,0,1,0,1,0,22
Bonvillars,0,0,0,0,0,0,0,0,0,22
Bullet,1,0,0,2,0,0,0,0,0,22
Champagne,0,0,2,2,0,0,0,0,0,22
Concise,0,1,8,3,0,0,0,0,0,22
Corcelles-près-Concise,0,0,2,0,0,0,0,0,0,22
Fiez,0,0,4,2,0,0,0,0,0,22
Fontaines-sur-Grandson,0,0,0,0,0,0,0,0,0,22
Giez,0,2,4,1,1,0,0,0,0,22
Grandevent,0,0,1,1,0,0,0,0,0,22
Grandson,0,2,9,8,0,17,0,3,0,22
Mauborget,0,0,2,0,0,0,0,0,1,22
Mutrux,0,0,0,0,0,0,0,0,0,22
Novalles,0,0,0,0,0,0,0,0,0,22
Onnens (VD),0,0,1,3,0,0,0,0,0,22
Provence,0,0,1,0,0,0,0,0,0,22
Sainte-Croix,0,0,1,0,0,16,0,0,0,22
Tévenon,0,1,2,3,0,0,0,0,1,22
Belmont-sur-Lausanne,1,0,18,6,0,3,0,0,0,22
Cheseaux-sur-Lausanne,0,0,2,5,0,4,0,0,0,22
Crissier,0,0,4,1,0,62,0,0,2,22
Epalinges,3,1,11,28,0,24,0,3,0,22
Jouxtens-Mézery,0,2,5,15,0,22,0,0,0,22
Lausanne,4,0,14,25,0,135,0,15,1,22
Le Mont-sur-Lausanne,0,0,8,37,0,47,0,0,0,22
Paudex,1,1,2,1,0,2,0,0,0,22
Prilly,0,0,0,2,0,25,0,0,0,22
Pully,0,0,2,4,0,27,0,0,0,22
Renens (VD),0,0,6,1,0,77,0,0,0,22
Romanel-sur-Lausanne,0,0,2,4,0,6,0,0,0,22
Chexbres,0,0,1,1,0,9,0,0,0,22
Forel (Lavaux),0,0,5,3,0,1,0,0,2,22
Lutry,1,0,62,45,0,3,0,0,0,22
Puidoux,0,0,3,1,0,0,0,0,1,22
Rivaz,0,0,0,0,0,0,0,0,0,22
Saint-Saphorin (Lavaux),0,0,0,0,0,0,0,0,0,22
Savigny,0,1,4,6,0,0,0,0,0,22
Bourg-en-Lavaux,0,0,25,12,0,10,1,0,1,22
Aclens,0,0,0,1,0,6,0,0,0,22
Bremblens,0,0,0,1,0,13,0,0,0,22
Buchillon,0,0,3,4,0,8,0,1,0,22
Bussigny,2,0,6,24,0,62,0,1,0,22
Chavannes-près-Renens,0,0,0,0,0,0,0,0,0,22
Chigny,1,0,1,4,0,1,0,0,0,22
Clarmont,0,0,0,1,0,2,0,0,0,22
Denens,0,0,3,3,0,14,0,0,0,22
Denges,0,0,1,4,0,5,0,0,0,22
Echandens,0,0,0,1,0,3,0,0,2,22
Echichens,0,1,20,22,0,9,0,0,5,22
Ecublens (VD),0,0,2,4,0,21,0,4,1,22
Etoy,0,1,5,4,0,42,0,0,0,22
Lavigny,0,0,1,5,0,9,0,0,0,22
Lonay,0,0,9,9,0,22,0,0,0,22
Lully (VD),0,0,0,3,0,13,0,0,0,22
Lussy-sur-Morges,0,0,1,3,0,5,0,0,0,22
Morges,0,0,9,10,1,31,0,0,4,22
Préverenges,0,0,15,2,0,16,0,1,0,22
Romanel-sur-Morges,0,2,6,4,0,0,0,0,3,22
Saint-Prex,0,0,13,6,0,25,0,0,0,22
Saint-Sulpice (VD),1,0,4,6,0,16,0,0,0,22
Tolochenaz,0,0,4,3,0,1,0,0,0,22
Vaux-sur-Morges,0,0,10,2,0,0,1,0,0,22
Villars-Sainte-Croix,0,0,0,0,0,10,0,0,0,22
Villars-sous-Yens,0,0,0,0,0,14,0,0,0,22
Vufflens-le-Château,0,0,0,2,0,14,0,0,0,22
Vullierens,0,0,0,0,0,4,0,0,0,22
Yens,0,1,0,4,0,12,0,0,0,22
Hautemorges,0,1,0,4,0,34,0,0,1,22
Boulens,0,0,3,0,0,1,0,0,0,22
Bussy-sur-Moudon,0,0,0,0,0,0,0,0,0,22
Chavannes-sur-Moudon,0,0,1,0,0,0,0,0,0,22
Curtilles,0,0,0,2,0,0,0,0,0,22
Dompierre (VD),0,0,0,0,0,0,0,0,0,22
Hermenches,0,0,3,0,0,0,0,0,0,22
Lovatens,0,0,0,0,0,0,0,0,0,22
Lucens,0,0,2,1,0,1,0,0,1,22
Moudon,0,0,1,4,0,2,0,0,0,22
Ogens,0,0,0,1,0,1,0,0,0,22
Prévonloup,0,0,0,0,0,0,0,0,0,22
Rossenges,0,0,0,0,0,0,0,0,0,22
Syens,0,0,0,0,0,0,0,0,0,22
Villars-le-Comte,0,0,0,0,0,0,0,0,0,22
Vucherens,0,0,3,3,0,0,0,0,0,22
Montanaire,1,1,7,11,0,10,0,0,0,22
Arnex-sur-Nyon,0,0,0,1,0,0,0,0,0,22
Arzier-Le Muids,0,2,13,21,0,1,0,0,0,22
Bassins,0,1,5,6,0,1,0,2,0,22
Begnins,0,0,10,2,0,1,0,0,0,22
Bogis-Bossey,0,0,3,0,0,0,0,0,0,22
Borex,0,0,3,3,0,0,0,0,0,22
Chavannes-de-Bogis,0,0,6,0,0,0,0,0,0,22
Chavannes-des-Bois,0,0,4,3,0,0,0,0,0,22
Chéserex,0,0,7,12,0,0,0,0,0,22
Coinsins,0,0,0,0,0,0,0,0,0,22
Commugny,0,1,25,12,0,0,0,0,0,22
Coppet,0,0,14,6,0,0,0,0,1,22
Crans (VD),0,0,15,20,0,0,0,0,3,22
Crassier,0,0,18,7,0,9,0,0,0,22
Duillier,1,0,3,3,0,10,0,0,0,22
Eysins,0,0,8,2,0,0,0,0,0,22
Founex,0,0,55,19,0,7,0,0,2,22
Genolier,0,0,13,11,0,0,0,1,0,22
Gingins,0,0,4,4,0,0,0,0,0,22
Givrins,0,1,5,1,0,0,0,1,0,22
Gland,0,0,16,15,0,130,0,2,0,22
Grens,0,0,13,3,0,1,0,0,0,22
Mies,0,0,3,6,0,0,0,0,3,22
Nyon,0,0,1,4,0,66,0,0,0,22
Prangins,0,0,10,3,0,54,0,0,0,22
La Rippe,0,0,4,2,0,0,0,0,0,22
Saint-Cergue,0,1,8,1,0,0,0,0,2,22
Signy-Avenex,0,0,1,0,1,2,0,0,1,22
Tannay,0,0,16,13,0,1,0,0,0,22
Trélex,0,0,10,23,0,0,0,0,2,22
Le Vaud,0,1,8,13,0,0,0,0,1,22
Vich,0,0,3,4,0,5,0,0,1,22
L'Abergement,0,0,1,3,0,1,0,0,0,22
Agiez,0,0,0,1,0,6,0,0,0,22
Arnex-sur-Orbe,0,0,0,0,0,2,0,0,0,22
Ballaigues,0,1,1,0,0,1,0,0,0,22
Baulmes,0,0,0,0,0,0,0,0,0,22
Bavois,0,0,8,1,0,0,0,0,0,22
Bofflens,0,0,1,1,0,0,0,0,0,22
Bretonnières,0,0,1,2,0,0,0,0,0,22
Chavornay,0,0,2,8,0,49,0,0,0,22
Les Clées,0,0,0,0,0,0,0,0,0,22
Croy,0,0,1,0,0,1,0,0,0,22
Juriens,0,0,0,0,0,0,0,0,0,22
Lignerolle,0,0,3,2,0,3,0,0,0,22
Montcherand,0,1,0,0,0,3,0,0,0,22
Orbe,0,0,2,8,0,56,0,1,0,22
La Praz,0,0,0,0,0,0,0,0,0,22
Premier,0,0,0,0,0,0,0,0,0,22
Rances,0,0,2,1,0,0,0,0,0,22
Romainmôtier-Envy,0,0,0,0,0,2,0,0,0,22
Sergey,0,1,2,1,0,0,0,0,0,22
Valeyres-sous-Rances,0,0,1,2,0,0,0,0,0,22
Vallorbe,0,0,2,3,0,6,0,0,0,22
Vaulion,0,0,2,1,0,0,0,0,0,22
Vuiteboeuf,0,0,1,0,0,9,0,0,0,22
Corcelles-le-Jorat,0,0,1,0,0,0,0,0,0,22
Maracon,0,0,2,4,0,0,0,0,0,22
Montpreveyres,0,1,5,8,0,0,0,0,0,22
Ropraz,0,0,1,1,0,0,0,0,0,22
Servion,0,0,12,10,0,1,0,0,1,22
Vulliens,0,0,5,4,0,1,0,0,0,22
Jorat-Menthue,0,0,5,7,0,2,0,0,0,22
Oron,0,3,21,12,0,2,0,0,0,22
Jorat-Mézières,0,1,13,5,0,0,0,0,1,22
Champtauroz,0,0,0,0,0,0,0,0,0,22
Chevroux,0,0,4,4,0,0,0,0,0,22
Corcelles-près-Payerne,0,0,10,9,0,0,0,0,0,22
Grandcour,0,0,4,3,0,0,0,0,0,22
Henniez,0,0,1,0,0,0,0,0,0,22
Missy,0,0,1,0,0,0,0,0,0,22
Payerne,0,0,34,23,0,3,0,0,2,22
Trey,0,0,2,1,0,0,0,0,0,22
Treytorrens (Payerne),0,0,0,0,0,0,0,0,0,22
Villarzel,0,0,1,2,0,0,0,0,0,22
Valbroye,0,0,7,2,0,1,1,0,0,22
Château-d'Oex,0,2,11,2,0,0,0,0,0,22
Rossinière,0,2,0,1,0,0,0,0,0,22
Rougemont,0,1,12,0,0,0,0,0,1,22
Allaman,0,0,0,0,0,0,0,0,1,22
Bursinel,0,0,2,0,0,0,0,0,0,22
Bursins,0,0,2,4,0,18,0,0,0,22
Burtigny,0,0,0,0,0,0,0,0,0,22
Dully,0,0,2,3,0,0,0,0,0,22
Essertines-sur-Rolle,0,0,2,0,0,0,0,0,0,22
Gilly,0,1,3,4,0,13,0,0,0,22
Luins,0,0,1,0,0,2,0,0,0,22
Mont-sur-Rolle,0,0,18,8,0,10,0,0,4,22
Perroy,0,0,8,1,0,5,0,0,0,22
Rolle,0,0,0,2,0,32,0,0,0,22
Tartegnin,0,0,0,0,0,0,0,0,0,22
Vinzel,0,0,0,2,0,13,0,0,0,22
L'Abbaye,0,0,11,4,0,1,0,0,1,22
Le Chenit,0,1,5,2,0,0,0,0,0,22
Le Lieu,0,1,2,0,0,0,0,0,0,22
Chardonne,1,0,1,3,0,17,0,0,0,22
Corseaux,0,0,2,2,0,4,0,0,0,22
Corsier-sur-Vevey,0,0,1,1,0,1,0,0,0,22
Jongny,0,0,1,4,0,13,0,0,0,22
Montreux,0,2,7,6,0,56,0,1,0,22
La Tour-de-Peilz,2,2,2,17,0,40,0,0,0,22
Vevey,0,0,0,1,0,14,0,1,0,22
Veytaux,0,0,0,0,0,0,0,0,0,22
Blonay - Saint-Légier,0,1,18,36,1,147,0,0,2,22
Belmont-sur-Yverdon,0,0,2,3,0,0,0,0,1,22
Bioley-Magnoux,0,0,0,0,0,0,0,0,0,22
Chamblon,0,0,0,4,0,11,0,0,0,22
Champvent,0,0,2,1,0,0,0,0,0,22
Chavannes-le-Chêne,0,1,4,2,0,0,0,0,0,22
Chêne-Pâquier,0,0,0,1,0,0,0,0,0,22
Cheseaux-Noréaz,0,4,2,1,0,1,0,0,1,22
Cronay,0,0,1,0,0,0,0,0,0,22
Cuarny,0,0,0,0,0,0,0,0,0,22
Démoret,0,0,1,1,0,0,0,0,0,22
Donneloye,0,0,2,2,0,1,0,0,0,22
Ependes (VD),0,1,0,3,0,5,0,0,0,22
Mathod,0,0,0,1,0,2,0,0,0,22
Molondin,0,1,1,0,0,0,0,0,0,22
Montagny-près-Yverdon,0,0,2,0,0,1,0,0,0,22
Oppens,1,0,1,1,0,0,0,0,0,22
Orges,0,0,0,2,0,0,0,0,0,22
Orzens,0,0,1,0,0,0,0,0,0,22
Pomy,1,0,6,4,0,1,0,0,0,22
Rovray,0,0,1,1,0,0,0,0,0,22
Suchy,0,1,5,8,0,0,0,0,0,22
Suscévaz,0,0,3,1,0,0,0,0,0,22
Treycovagnes,0,0,4,2,0,1,0,0,0,22
Ursins,0,0,1,0,0,0,0,0,0,22
Valeyres-sous-Montagny,0,0,1,0,0,0,0,0,0,22
Valeyres-sous-Ursins,0,0,2,1,0,0,0,0,0,22
Villars-Epeney,0,0,1,0,0,0,0,0,0,22
Vugelles-La Mothe,0,0,1,0,0,0,0,0,0,22
Yverdon-les-Bains,0,0,5,10,0,59,0,0,0,22
Yvonand,0,0,8,15,0,1,0,0,0,22
Brig-Glis,0,7,66,36,0,0,0,1,3,23
Eggerberg,1,3,6,1,0,0,0,0,0,23
Naters,5,31,54,18,0,1,0,2,42,23
Ried-Brig,0,5,31,25,0,0,0,0,1,23
Simplon,0,6,0,0,0,0,33,0,9,23
Termen,0,4,8,6,0,1,1,0,7,23
Zwischbergen,0,0,0,0,0,0,0,0,2,23
Ardon,0,1,15,14,0,2,0,0,1,23
Chamoson,2,6,14,24,0,1,0,1,23,23
Conthey,0,3,17,40,0,23,0,0,16,23
Nendaz,2,24,49,32,0,3,0,0,94,23
Vétroz,0,0,10,26,0,27,0,0,1,23
Bourg-Saint-Pierre,0,0,0,0,0,1,0,0,2,23
Liddes,0,16,1,1,0,0,0,0,8,23
Orsières,0,18,4,0,0,0,0,1,45,23
Sembrancher,0,2,3,1,0,0,0,0,3,23
Val de Bagnes,4,52,45,26,0,3,0,5,249,23
Bellwald,0,8,11,0,0,0,0,1,35,23
Binn,0,6,0,0,0,0,0,0,3,23
Ernen,0,45,3,1,0,0,0,1,5,23
Fiesch,0,1,8,1,0,0,0,0,9,23
Fieschertal,0,1,5,3,0,0,0,0,2,23
Lax,0,0,1,1,0,0,0,1,3,23
Obergoms,0,2,6,4,0,0,0,4,2,23
Goms,0,20,21,5,0,0,0,0,5,23
Ayent,1,9,13,41,1,2,0,5,27,23
Evolène,0,10,9,9,0,0,0,0,13,23
Hérémence,0,10,18,8,0,0,0,0,17,23
Saint-Martin (VS),0,6,0,2,0,0,0,0,13,23
Vex,0,1,16,10,0,1,1,1,42,23
Mont-Noble,2,10,21,8,0,0,0,0,34,23
Agarn,0,1,12,3,0,0,0,0,0,23
Albinen,0,1,9,1,0,0,0,0,3,23
Ergisch,0,14,0,1,0,0,0,0,2,23
Inden,0,3,1,1,0,0,0,0,1,23
Leuk,1,5,30,9,0,0,0,0,12,23
Leukerbad,0,1,16,0,0,0,1,0,2,23
Oberems,0,4,4,1,0,0,0,0,0,23
Salgesch,1,2,6,10,0,0,0,0,4,23
Varen,1,1,2,5,0,0,0,0,4,23
Guttet-Feschel,0,2,6,2,0,0,0,0,10,23
Gampel-Bratsch,1,10,20,7,0,0,0,0,5,23
Turtmann-Unterems,0,6,12,6,0,0,0,0,5,23
Bovernier,0,4,1,5,0,0,1,0,5,23
Fully,0,9,23,82,0,0,0,1,31,23
Isérables,0,7,1,0,0,0,0,2,5,23
Leytron,1,7,18,20,0,0,0,0,27,23
Martigny,0,2,22,20,0,19,0,10,13,23
Martigny-Combe,0,3,4,9,0,0,0,0,12,23
Riddes,1,10,30,15,1,0,0,1,32,23
Saillon,0,2,20,20,0,1,0,0,7,23
Saxon,0,8,21,24,1,48,1,0,24,23
Trient,0,0,2,0,0,0,0,0,2,23
Champéry,0,2,27,2,0,0,0,0,3,23
Collombey-Muraz,0,1,21,53,0,136,0,1,15,23
Monthey,0,2,30,23,10,21,0,0,17,23
Port-Valais,0,2,39,16,0,7,0,0,8,23
Saint-Gingolph,0,6,5,2,0,2,0,0,4,23
Troistorrents,0,27,34,12,0,0,0,2,39,23
Val-d'Illiez,0,6,48,6,0,1,0,0,0,23
Vionnaz,0,2,11,12,0,31,0,1,6,23
Vouvry,0,3,14,5,0,10,0,0,4,23
Bister,0,0,0,0,0,0,0,0,0,23
Bitsch,1,3,6,5,0,0,0,0,0,23
Grengiols,0,2,8,2,1,0,0,0,4,23
Riederalp,3,3,14,2,0,0,0,0,9,23
Ausserberg,2,2,2,3,0,0,0,0,1,23
Blatten,0,4,2,1,0,0,0,0,0,23
Bürchen,1,6,18,6,0,0,0,0,6,23
Eischoll,1,2,0,1,0,0,0,1,3,23
Ferden,0,0,3,3,0,0,0,0,1,23
Kippel,0,0,1,0,0,0,0,0,0,23
Niedergesteln,0,7,7,6,0,0,0,0,2,23
Raron,1,12,19,10,1,0,0,0,8,23
Unterbäch,0,3,5,7,0,0,0,0,8,23
Wiler (Lötschen),0,7,14,1,0,0,0,0,12,23
Mörel-Filet,0,4,3,0,0,0,0,0,4,23
Steg-Hohtenn,1,7,11,2,0,2,0,0,3,23
Bettmeralp,0,0,9,1,0,0,0,0,16,23
Collonges,0,1,5,3,0,0,0,0,0,23
Dorénaz,0,4,7,2,0,0,0,0,0,23
Evionnaz,0,5,8,2,0,0,0,0,7,23
Finhaut,1,4,3,4,0,0,2,0,5,23
Massongex,0,2,6,10,0,8,0,1,0,23
Saint-Maurice,0,3,11,12,0,25,0,0,3,23
Salvan,0,8,2,5,2,1,0,0,3,23
Vernayaz,0,3,6,4,0,0,0,0,12,23
Vérossaz,0,1,11,0,0,1,1,0,2,23
Chalais,0,16,34,17,0,6,0,0,28,23
Chippis,0,0,0,1,0,3,0,0,0,23
Grône,0,2,5,13,0,5,0,0,6,23
Icogne,0,0,3,5,0,0,0,0,6,23
Lens,0,1,25,35,0,13,0,0,11,23
Saint-Léonard,0,0,2,9,0,17,0,1,3,23
Sierre,0,1,5,13,0,66,0,0,4,23
Anniviers,0,25,35,12,2,0,0,0,125,23
Crans-Montana,0,13,40,33,0,58,0,0,25,23
Noble-Contrée,0,0,17,20,0,31,0,0,9,23
Arbaz,1,3,14,43,0,1,0,0,23,23
Grimisuat,0,0,5,37,0,1,0,0,16,23
Savièse,1,16,105,60,0,5,0,1,48,23
Sion,0,5,34,29,0,136,0,0,12,23
Veysonnaz,0,0,5,2,0,0,0,0,0,23
Baltschieder,0,0,11,11,0,0,0,0,0,23
Eisten,0,3,1,0,1,0,1,0,1,23
Embd,0,0,1,5,0,0,0,0,1,23
Grächen,0,3,22,5,0,0,0,0,3,23
Lalden,0,1,13,1,0,0,0,0,0,23
Randa,0,2,0,0,0,0,0,0,0,23
Saas-Almagell,0,1,4,1,0,0,0,0,1,23
Saas-Balen,0,0,4,2,0,0,0,0,1,23
Saas-Fee,0,0,19,4,0,0,0,0,0,23
Saas-Grund,0,2,12,3,0,0,0,0,3,23
St. Niklaus,1,20,21,9,0,0,0,5,13,23
Stalden (VS),0,1,5,0,0,0,0,0,0,23
Staldenried,0,3,3,0,0,0,0,0,2,23
Täsch,0,1,6,0,0,0,0,0,0,23
Törbel,1,2,4,1,0,0,0,0,1,23
Visp,0,1,18,16,0,1,0,8,0,23
Visperterminen,0,11,18,9,0,0,0,0,1,23
Zeneggen,0,5,5,0,0,0,0,0,4,23
Zermatt,3,4,41,4,0,0,0,0,17,23
Boudry,0,1,5,3,0,3,0,0,0,24
Cortaillod,0,0,9,6,0,27,0,7,0,24
Rochefort,0,1,6,2,0,1,0,0,0,24
Milvignes,0,1,24,17,0,47,1,8,0,24
La Grande Béroche,3,4,53,26,1,23,0,5,0,24
La Chaux-de-Fonds,0,4,56,13,2,48,0,7,0,24
Les Planchettes,0,2,2,0,0,0,0,0,0,24
La Sagne,1,0,11,1,0,0,0,0,0,24
La Brévine,0,2,9,0,0,0,0,0,0,24
Brot-Plamboz,0,1,1,0,0,0,0,0,0,24
Le Cerneux-Péquignot,0,2,2,0,0,0,0,0,0,24
La Chaux-du-Milieu,0,1,2,0,0,0,0,0,0,24
Le Locle,3,2,16,5,0,42,0,0,0,24
Les Ponts-de-Martel,2,1,4,0,0,0,0,1,1,24
Cornaux,0,0,10,1,0,0,0,0,0,24
Cressier (NE),0,0,15,5,0,0,0,0,0,24
Le Landeron,1,0,11,4,0,1,0,0,0,24
Lignières,0,1,16,2,0,0,0,1,0,24
Neuchâtel,1,1,42,18,3,83,0,4,0,24
Val-de-Ruz,3,9,114,54,0,46,0,9,0,24
La Côte-aux-Fées,0,0,2,2,0,0,0,0,0,24
Les Verrières,1,0,1,0,0,0,0,0,0,24
Val-de-Travers,1,3,21,5,0,15,0,1,0,24
Aire-la-Ville,0,1,3,2,0,0,0,18,0,25
Anières,0,1,6,9,0,37,0,0,5,25
Avully,0,1,14,2,0,0,0,0,0,25
Avusy,0,0,5,4,0,0,1,2,0,25
Bardonnex,0,1,7,7,0,19,0,1,1,25
Bellevue,1,0,9,2,0,5,0,0,1,25
Bernex,1,10,21,46,0,37,0,0,1,25
Carouge (GE),0,1,5,0,0,44,0,0,0,25
Cartigny,0,1,5,1,0,1,0,3,0,25
Céligny,0,1,0,0,0,0,0,0,1,25
Chancy,0,3,0,0,0,0,0,1,1,25
Chêne-Bougeries,0,1,15,21,0,69,0,1,0,25
Chêne-Bourg,0,5,8,5,0,34,0,0,0,25
Choulex,0,1,0,2,1,5,0,0,0,25
Collex-Bossy,0,2,33,2,0,1,0,0,1,25
Collonge-Bellerive,1,9,12,53,6,122,0,2,1,25
Cologny,0,2,7,10,0,64,0,0,0,25
Confignon,0,6,6,16,0,35,0,1,1,25
Corsier (GE),0,1,5,8,0,21,0,0,0,25
Dardagny,0,0,9,1,0,0,0,0,0,25
Genève,0,0,41,9,5,188,0,17,0,25
Genthod,0,4,0,11,0,40,0,1,2,25
Le Grand-Saconnex,0,3,24,16,1,69,0,0,1,25
Gy,0,1,5,3,0,1,0,0,0,25
Hermance,0,1,5,1,0,16,0,0,0,25
Jussy,0,1,5,2,0,1,0,0,2,25
Laconnex,0,3,7,2,0,2,0,0,0,25
Lancy,0,6,14,13,0,69,0,0,1,25
Meinier,0,0,7,0,0,1,0,0,0,25
Meyrin,0,1,15,14,0,71,0,8,1,25
Onex,0,4,8,14,2,85,0,5,4,25
Perly-Certoux,0,0,0,1,0,7,0,0,0,25
Plan-les-Ouates,0,6,9,37,2,101,0,2,0,25
Pregny-Chambésy,0,2,6,3,0,26,0,0,3,25
Presinge,0,0,3,9,0,0,0,0,1,25
Puplinge,0,0,15,0,0,9,0,0,0,25
Russin,0,0,5,1,0,0,0,0,0,25
Satigny,0,7,13,1,0,14,0,2,0,25
Soral,0,1,3,1,0,1,0,0,1,25
Thônex,0,4,9,26,1,100,0,1,2,25
Troinex,0,2,1,29,0,18,0,0,0,25
Vandoeuvres,0,1,5,11,0,72,0,1,0,25
Vernier,0,11,4,27,0,138,0,10,0,25
Versoix,0,5,19,22,0,50,0,0,0,25
Veyrier,1,8,28,47,1,199,0,0,2,25
Boécourt,0,1,0,3,0,0,0,0,0,26
Bourrignon,1,0,3,2,0,0,0,0,0,26
Châtillon (JU),0,0,6,2,0,0,0,0,0,26
Courchapoix,0,0,6,3,0,0,0,0,0,26
Courrendlin,1,4,18,7,1,23,0,0,0,26
Courroux,0,2,22,24,0,11,0,0,0,26
Courtételle,0,2,10,9,1,0,0,0,0,26
Delémont,0,1,5,23,0,58,0,31,0,26
Develier,0,4,28,13,0,1,0,0,0,26
Ederswiler,0,1,0,0,0,0,0,0,0,26
Mervelier,0,1,7,4,0,0,0,1,0,26
Mettembert,0,0,3,2,0,0,0,0,0,26
Movelier,0,0,10,1,0,0,0,0,0,26
Pleigne,0,2,2,1,0,0,0,0,0,26
Rossemaison,0,0,2,1,0,10,0,0,0,26
Saulcy,0,0,4,2,0,0,0,0,0,26
Soyhières,0,1,3,1,0,0,0,0,0,26
Haute-Sorne,0,5,47,45,0,0,0,0,2,26
Val Terbi,0,7,34,26,0,0,0,0,1,26
Le Bémont (JU),0,0,2,1,0,0,0,0,0,26
Les Bois,0,2,6,1,1,0,0,0,0,26
Les Breuleux,0,0,12,3,0,1,0,0,0,26
Les Enfers,0,0,2,0,0,0,0,0,0,26
Les Genevez (JU),0,1,5,3,0,0,0,0,0,26
Lajoux (JU),0,1,11,2,0,0,0,0,0,26
Montfaucon,0,1,6,0,0,0,0,0,0,26
Muriaux,0,2,2,1,0,0,0,0,1,26
Le Noirmont,0,1,11,7,0,0,0,1,0,26
Saignelégier,0,3,30,16,0,0,0,3,1,26
Saint-Brais,0,0,0,2,0,0,0,0,0,26
Soubey,0,4,0,0,0,0,0,0,0,26
Alle,0,1,14,17,0,0,0,0,0,26
Boncourt,0,1,9,5,0,0,0,1,0,26
Bure,0,2,4,3,0,0,0,0,0,26
Coeuve,0,1,6,3,0,1,0,0,0,26
Cornol,0,0,9,3,0,0,0,0,1,26
Courchavon,0,0,3,2,0,0,0,0,0,26
Courgenay,0,1,15,13,0,0,0,0,0,26
Courtedoux,0,0,3,8,0,0,0,0,1,26
Fahy,0,0,2,0,0,0,0,0,0,26
Fontenais,0,2,12,6,0,0,0,0,0,26
Grandfontaine,0,1,3,0,0,0,0,0,0,26
Porrentruy,1,0,36,19,0,0,0,11,0,26
Vendlincourt,0,0,4,4,0,0,0,0,0,26
Basse-Allaine,0,1,10,7,0,0,0,0,1,26
Clos du Doubs,0,7,11,9,0,1,0,0,0,26
Haute-Ajoie,0,3,8,10,0,0,0,0,0,26
La Baroche,0,3,7,8,0,1,0,0,0,26
Damphreux-Lugnez,0,0,2,6,0,0,0,0,0,26
Basse-Vendline,0,4,5,2,0,0,0,0,0,26
